0010813,4,3,-1,-1,1080
0012fa1,4,4,4,4,2160
001dafd,4,4,4,4,2160
004baff,4,4,-1,-1,1080
005fcf8,4,4,3,-1,1440
00696a3,4,4,4,-1,1440
00733ce,4,4,-1,-1,1080
008e966,4,4,-1,-1,1080
009e94c,4,4,-1,-1,1080
00a6216,4,4,-1,-1,1080
00f82ee,4,4,4,4,2160
01050ca,4,4,-1,-1,1080
0108b88,4,2,1,-1,1440
012f908,4,4,4,4,2160
0130db3,4,4,-1,-1,1080
0152229,4,3,1,-1,1440
015925d,3,3,0,0,2160
016142d,4,4,4,0,2160
0184ba3,4,4,-1,-1,1080
01c1454,4,4,-1,-1,1080
01c4169,3,0,-1,-1,1080
01ea180,4,4,-1,-1,1080
01fdbb9,4,4,4,-1,1440
0202e97,4,4,4,3,2160
0207cd6,4,4,4,-1,1440
020ef14,4,4,-1,-1,1080
0236480,4,4,-1,-1,1080
02412b6,4,4,-1,-1,1080
024f1a6,2,-1,-1,-1,720
025df95,4,4,4,4,2160
02853f7,3,2,-1,-1,1080
029b53c,4,4,3,4,2160
02a1aaa,4,4,4,1,2160
02c1fa1,4,4,4,4,2160
02d64f2,4,4,4,-1,1440
02eede6,4,4,-1,-1,1080
02f00d1,4,3,-1,-1,1080
02f2a11,4,4,4,0,2160
02fb089,4,4,4,4,2160
031802e,4,4,4,4,2160
0319a95,4,4,4,4,2160
031b654,4,3,3,-1,1440
0329914,4,4,4,3,2160
0335ff4,4,4,-1,-1,1080
034747d,4,4,-1,-1,1080
0363a75,4,4,4,3,2160
03a24bf,4,4,-1,-1,1080
03a91f2,4,4,-1,-1,1080
03b0f18,4,3,0,0,2160
03fb379,4,4,4,4,2160
03fc779,2,4,3,-1,1440
040644e,4,4,4,3,2160
040b569,4,4,-1,-1,1080
042b3e7,4,4,-1,-1,1080
0430b27,4,4,-1,-1,1080
0448274,4,4,-1,-1,1080
04526ef,4,4,3,4,2160
0455e03,4,4,4,-1,1440
04634a4,4,4,4,4,2160
0466a7b,4,4,4,4,2160
047bfb1,4,4,4,4,2160
047c179,4,4,4,-1,1440
0494131,3,3,-1,-1,1080
0495855,4,4,-1,-1,1080
04abf5f,4,4,-1,-1,1080
04b6ed5,4,4,4,4,2160
04b7de5,4,3,1,0,2160
04b933c,4,4,4,4,2160
04d179f,3,3,-1,-1,1080
04e2d37,4,3,-1,-1,1080
05124f6,4,4,-1,-1,1080
0559dba,3,3,-1,-1,1080
058234f,4,1,-1,-1,1080
058281f,3,2,-1,-1,1080
0597d78,4,4,-1,-1,1080
05a6769,4,4,-1,-1,1080
05b49f5,4,4,-1,-1,1080
05d9aec,4,4,4,-1,1440
05fbeeb,4,4,-1,-1,1080
06139e2,4,4,4,3,2160
063d4c0,4,3,2,-1,1440
0663fab,4,4,4,-1,1440
06889d5,4,4,4,0,2160
06c4a95,0,3,3,-1,1440
06de4da,4,2,0,-1,1440
06f8a51,4,4,-1,-1,1080
07054e4,4,4,-1,-1,1080
076d9e7,4,3,3,-1,1440
078663d,4,4,-1,-1,1080
07bdc9d,4,4,-1,-1,1080
07e4497,4,2,1,-1,1440
08169fc,4,4,4,-1,1440
0825ada,4,4,-1,-1,1080
083b535,4,4,-1,-1,1080
083bd1d,4,4,-1,-1,1080
085023a,4,4,4,4,2160
08617c5,4,4,-1,-1,1080
086395c,4,3,-1,-1,1080
086a677,4,4,4,4,2160
086b016,4,4,-1,-1,1080
087f9c2,4,3,0,-1,1440
0889faa,3,4,3,-1,1440
088c034,4,3,-1,-1,1080
0893c5f,3,0,-1,-1,1080
08c2f9d,4,4,3,-1,1440
08fc705,4,3,-1,-1,1080
090f1ed,4,4,-1,-1,1080
0913792,3,4,-1,-1,1080
092bdb3,4,4,4,-1,1440
093368c,4,4,4,3,2160
09362de,4,4,-1,-1,1080
096df96,4,4,-1,-1,1080
096e51a,4,4,4,0,2160
097b4d9,4,4,-1,-1,1080
098caa4,4,4,4,4,2160
098da9f,4,4,-1,-1,1080
09aeeae,3,3,3,3,2160
09c587c,4,3,-1,-1,1080
09d2b07,4,4,-1,-1,1080
09d810d,3,4,4,3,2160
09df923,4,4,4,4,2160
09e4a89,3,3,3,-1,1440
0a3271b,4,4,4,4,2160
0a439b1,3,3,-1,-1,1080
0a4fd39,4,4,-1,-1,1080
0a564a3,4,4,-1,-1,1080
0a5c40d,4,4,4,-1,1440
0a69d13,4,4,-1,-1,1080
0ab82d9,4,4,4,1,2160
0aba01a,4,4,-1,-1,1080
0af1c27,4,3,0,-1,1440
0af9205,3,1,0,-1,1440
0b49311,4,3,3,-1,1440
0b4b6a7,4,4,4,4,2160
0b55157,3,3,-1,-1,1080
0b644f3,3,3,-1,-1,1080
0b692a3,4,4,4,4,2160
0b7e725,4,4,4,-1,1440
0b7f42e,4,3,3,-1,1440
0b813fc,4,4,4,3,2160
0b96295,3,3,3,-1,1440
0bad15c,4,4,4,4,2160
0bbd2c0,4,4,4,4,2160
0bf0b1d,0,0,0,-1,1440
0bfbb88,4,4,4,4,2160
0bfc8e1,4,4,-1,-1,1080
0c01232,4,4,4,4,2160
0c1c139,4,4,4,4,2160
0c93e06,4,2,-1,-1,1080
0cbef17,4,4,-1,-1,1080
0cc5f03,4,4,4,-1,1440
0cf30d3,4,4,-1,-1,1080
0d2de77,4,3,3,-1,1440
0d41b7c,3,1,0,-1,1440
0d5d2f3,4,4,4,4,2160
0d7d0ae,4,4,4,3,2160
0d9012b,4,4,-1,-1,1080
0dc49f6,4,4,-1,-1,1080
0ddc7da,3,2,-1,-1,1080
0ddc957,4,4,-1,-1,1080
0de5778,4,4,-1,-1,1080
0def300,3,3,-1,-1,1080
0df9604,4,4,-1,-1,1080
0e05249,4,4,-1,-1,1080
0e1b049,4,4,4,2,2160
0e27808,4,4,-1,-1,1080
0e2aec7,4,4,4,4,2160
0e70773,4,4,4,4,2160
0e74739,3,3,-1,-1,1080
0e817ac,3,4,-1,-1,1080
0ea294b,3,2,-1,-1,1080
0ebc32a,4,4,4,4,2160
0ed836c,4,4,-1,-1,1080
0eec1bf,4,4,-1,-1,1080
0eecf98,4,4,4,4,2160
0f0465f,4,4,4,0,2160
0f0f0d8,4,3,-1,-1,1080
0f28634,4,4,-1,-1,1080
0f458a2,2,3,-1,-1,1080
0f601bd,3,4,3,-1,1440
0f62ffc,4,4,-1,-1,1080
0fe0669,4,4,-1,-1,1080
1007147,4,4,-1,-1,1080
100bd7a,3,4,3,3,2160
101626f,3,3,-1,-1,1080
102b8ee,3,3,-1,-1,1080
1036d64,4,3,-1,-1,1080
1037d08,4,4,4,4,2160
105b276,3,3,-1,-1,1080
1065b53,4,4,4,2,2160
1066a59,3,4,4,-1,1440
107083e,4,4,-1,-1,1080
1076a9c,3,3,-1,-1,1080
10798e5,4,3,2,-1,1440
10a2438,4,4,4,4,2160
10b7cf7,3,3,4,-1,1440
10be8b0,2,1,-1,-1,1080
10d1984,4,4,-1,-1,1080
10d901a,4,4,-1,-1,1080
10dbb43,4,4,-1,-1,1080
10dfc73,3,3,3,-1,1440
10ec67c,4,4,4,4,2160
10f9992,4,4,-1,-1,1080
113194f,4,4,-1,-1,1080
1131db3,4,4,4,4,2160
113f0ed,4,4,4,4,2160
1145cfa,0,4,-1,-1,1080
1159b79,4,4,4,4,2160
1167745,4,4,4,1,2160
1176a48,4,4,-1,-1,1080
1183602,4,4,-1,-1,1080
11cebac,2,0,-1,-1,1080
11e792a,4,4,-1,-1,1080
1203840,1,0,0,-1,1440
121325d,4,4,-1,-1,1080
1227927,4,4,4,3,2160
1230bf1,4,4,0,3,2160
1236812,3,3,-1,-1,1080
1239f9a,4,3,1,-1,1440
12422c7,4,4,-1,-1,1080
128732c,4,4,-1,-1,1080
12ce42e,3,4,1,-1,1440
12db355,4,4,4,4,2160
12db90f,3,0,-1,-1,1080
12f9706,3,0,-1,-1,1080
1332148,4,4,4,4,2160
1335fd1,4,4,4,-1,1440
133c5a2,4,4,4,4,2160
1360914,4,3,3,4,2160
1367a23,3,3,4,-1,1440
136b805,4,4,-1,-1,1080
138387e,4,4,-1,-1,1080
1389dea,4,3,0,0,2160
13a3024,1,1,0,-1,1440
13b5913,4,3,3,3,2160
13beea2,3,3,3,-1,1440
13c13e8,4,4,-1,-1,1080
13c8761,3,3,-1,-1,1080
13e0c43,3,3,3,-1,1440
13f6ab7,4,4,4,-1,1440
141deee,4,4,4,-1,1440
143ef2c,4,4,-1,-1,1080
14465fb,4,4,-1,-1,1080
145f6b0,4,4,-1,-1,1080
14d9566,3,3,3,-1,1440
14f77c1,4,4,4,-1,1440
14fad84,4,4,-1,-1,1080
15178f7,4,4,4,4,2160
1536de5,4,4,4,4,2160
1541326,3,4,-1,-1,1080
155414b,4,4,4,1,2160
155ac38,4,4,4,3,2160
1585fe0,4,4,-1,-1,1080
1596eab,4,4,-1,-1,1080
159eb9b,3,0,-1,-1,1080
15a4658,3,3,3,-1,1440
15a6a69,4,4,4,4,2160
15b32ac,4,3,-1,-1,1080
15b3f1d,4,4,4,4,2160
15ba230,4,4,4,4,2160
15d588e,4,4,4,4,2160
15ec9ef,3,3,-1,-1,1080
15efa13,3,3,-1,-1,1080
15fa202,4,4,3,3,2160
160579c,4,4,-1,-1,1080
1632035,4,4,4,4,2160
1650414,4,4,4,4,2160
165094a,4,3,3,-1,1440
16540a8,4,4,-1,-1,1080
1669152,4,4,4,-1,1440
166cdcc,4,3,4,-1,1440
167a036,4,4,4,0,2160
168ebcc,4,4,-1,-1,1080
1692760,4,4,4,4,2160
16a3632,3,3,4,-1,1440
16a548e,4,4,4,4,2160
16a864d,4,3,-1,-1,1080
16cf03c,4,3,4,4,2160
16e1972,4,4,4,4,2160
16f79f6,4,4,4,4,2160
1702f2e,4,4,4,0,2160
1707f5b,4,3,-1,-1,1080
1716ff1,4,4,-1,-1,1080
17207bc,3,3,2,3,2160
17219d4,4,4,-1,-1,1080
17246d5,4,4,-1,-1,1080
1753e83,4,4,-1,-1,1080
175ff43,4,4,4,0,2160
176703f,4,4,0,-1,1440
1767a82,4,4,-1,-1,1080
178ead9,3,3,3,-1,1440
17902b2,3,4,3,-1,1440
17d5802,4,4,-1,-1,1080
17dd268,4,4,-1,-1,1080
17fc463,4,4,4,4,2160
1802fb4,4,4,4,4,2160
1803bef,3,1,0,-1,1440
181cf1c,4,4,4,4,2160
185d721,4,4,4,4,2160
185ea84,4,4,-1,-1,1080
1873895,-1,4,-1,-1,1080
1881ab0,4,4,4,4,2160
188e7e9,4,4,4,-1,1440
1893092,3,3,-1,-1,1080
189ed26,4,4,-1,-1,1080
18a7995,4,3,3,4,2160
18bf822,4,4,4,-1,1440
18c679c,4,4,4,4,2160
18ee13a,4,4,4,4,2160
18f6d51,4,4,-1,-1,1080
18fecd5,4,4,4,4,2160
18ff422,4,4,4,-1,1440
19053c1,4,4,4,4,2160
192f67b,4,3,-1,-1,1080
193170a,4,4,4,4,2160
1947a0e,4,3,3,-1,1440
1955733,4,4,-1,-1,1080
1955cd1,4,4,4,2,2160
195c40c,4,4,-1,-1,1080
196e331,4,4,4,0,2160
19790d3,4,4,4,-1,1440
1980ce2,4,4,0,0,2160
199268e,4,4,-1,-1,1080
19af080,4,4,4,4,2160
19d1197,4,4,-1,-1,1080
19e1a86,4,4,4,-1,1440
19f8a80,4,4,-1,-1,1080
1a03b41,3,3,3,-1,1440
1a1149f,4,4,4,4,2160
1a2e4d4,4,4,4,4,2160
1a3dcca,4,4,-1,-1,1080
1a4cc77,4,4,4,-1,1440
1a53e5c,4,4,4,4,2160
1a6026b,4,4,3,4,2160
1a78477,4,4,-1,-1,1080
1a95905,3,3,-1,-1,1080
1a9996d,4,4,4,4,2160
1aa49e4,4,4,4,1,2160
1aa84af,3,4,4,-1,1440
1aad879,4,4,-1,-1,1080
1ab771b,4,4,-1,-1,1080
1ac71fd,4,4,4,4,2160
1ac895f,4,3,4,3,2160
1acacb8,4,4,-1,-1,1080
1acdd70,4,4,4,4,2160
1ad2f17,4,4,4,4,2160
1aea7aa,4,3,-1,-1,1080
1af2a40,4,4,4,4,2160
1af5d6e,4,4,4,0,2160
1b07b18,4,4,4,4,2160
1b18538,3,3,3,-1,1440
1b1cc21,4,4,4,-1,1440
1b2fa81,4,4,4,4,2160
1b36d91,3,3,3,-1,1440
1b41a7d,4,4,-1,-1,1080
1b5bd6f,4,4,4,3,2160
1b699e3,4,4,-1,-1,1080
1b73ce1,3,3,-1,-1,1080
1b7ec57,4,4,4,4,2160
1b82d18,4,4,4,-1,1440
1bb3880,4,4,-1,-1,1080
1bbff19,4,3,-1,-1,1080
1be622e,4,4,-1,-1,1080
1c0dcc6,4,4,-1,-1,1080
1c2c4b7,4,4,4,4,2160
1c581a3,4,4,0,-1,1440
1c69dc1,4,4,4,4,2160
1c6afb8,4,4,-1,-1,1080
1c74908,1,0,-1,-1,1080
1c9f34b,4,0,-1,-1,1080
1c9f77f,4,4,-1,-1,1080
1cbcae9,4,4,-1,-1,1080
1ccb572,4,4,-1,-1,1080
1cd35c6,4,4,4,1,2160
1cdfd63,3,4,4,0,2160
1d0b5a3,4,4,-1,-1,1080
1d0fcce,4,4,-1,-1,1080
1d14e42,2,0,-1,-1,1080
1d219dd,4,4,-1,-1,1080
1d2489a,3,0,-1,-1,1080
1d42036,4,4,4,1,2160
1d438f9,4,4,-1,-1,1080
1d51bae,4,4,4,-1,1440
1d5d6d1,4,4,4,4,2160
1d68a2a,4,4,-1,-1,1080
1d7256d,4,4,4,4,2160
1d922b0,2,0,-1,-1,1080
1da7bfa,4,4,4,3,2160
1db0b7a,4,4,4,-1,1440
1db413d,4,4,3,-1,1440
1dbddaa,4,0,-1,-1,1080
1dcf49c,4,4,-1,-1,1080
1ddfdf1,4,2,-1,-1,1080
1dedb38,3,3,4,-1,1440
1e14560,4,2,-1,-1,1080
1e290ba,4,4,-1,-1,1080
1e366f9,3,3,3,3,2160
1e37405,4,4,4,4,2160
1e3f07a,4,4,-1,-1,1080
1e456f6,4,4,-1,-1,1080
1e5d8d9,3,3,-1,-1,1080
1e6c0bb,4,4,4,1,2160
1e787e4,4,4,4,4,2160
1ea88a6,4,4,4,4,2160
1ea95dd,4,4,-1,-1,1080
1eeb35c,4,4,4,4,2160
1ef2f94,1,4,-1,-1,1080
1f15f21,4,4,-1,-1,1080
1f3256d,4,4,4,-1,1440
1f43497,4,4,-1,-1,1080
1f5094d,4,1,-1,-1,1080
1f537a2,4,4,4,0,2160
1f5ba8d,4,4,4,-1,1440
1f5e096,4,4,4,0,2160
1f612dc,4,3,-1,-1,1080
1f6c01f,4,4,-1,-1,1080
1f7961e,4,4,0,-1,1440
1f9088c,3,3,3,4,2160
1f924bb,4,3,3,-1,1440
1f9dea4,4,4,4,4,2160
1fb88c4,4,4,4,4,2160
1fc2ebe,4,4,4,0,2160
1fc9d06,4,4,4,0,2160
1fd71b6,4,4,-1,-1,1080
1fdf2ed,4,4,4,4,2160
1fe111f,4,4,4,-1,1440
1fe22c3,4,3,-1,-1,1080
1ff7c12,4,4,-1,-1,1080
200da63,4,4,4,4,2160
204bb44,4,4,4,4,2160
207d24f,4,4,4,3,2160
20cb5df,4,4,4,4,2160
20cbf5f,4,4,4,4,2160
20e2ae8,4,4,4,4,2160
20f104d,4,2,1,-1,1440
20f5eeb,4,4,-1,-1,1080
21016f5,4,4,4,-1,1440
2113792,4,4,0,-1,1440
211b109,4,4,-1,-1,1080
2146fd8,4,4,4,4,2160
21a3d27,4,4,-1,-1,1080
21bdb0a,4,4,4,2,2160
21be5fa,4,4,4,0,2160
21cdc57,4,4,4,4,2160
21d93fb,4,4,4,1,2160
21debc3,4,4,4,-1,1440
21ecca5,4,4,-1,-1,1080
21fb0fd,3,3,-1,-1,1080
2212794,4,4,-1,-1,1080
224ad07,4,4,4,-1,1440
224bd95,4,4,0,0,2160
226457e,4,4,-1,-1,1080
2272dc5,4,4,4,1,2160
227f69f,4,3,-1,-1,1080
2283747,1,3,-1,-1,1080
2292c03,4,2,-1,-1,1080
22d0b4c,4,4,4,4,2160
230c6e5,4,4,-1,-1,1080
233b17f,4,3,-1,-1,1080
2352e48,4,4,-1,-1,1080
235fa1c,4,4,4,4,2160
23748a5,4,4,-1,-1,1080
239ea4f,2,3,-1,-1,1080
23a3244,4,4,-1,-1,1080
23aaa95,4,4,-1,-1,1080
23b2290,4,4,4,2,2160
23efd2e,3,3,-1,-1,1080
23fa934,4,1,0,-1,1440
23fe5d1,4,1,3,-1,1440
240b6d7,4,4,4,4,2160
240dce2,4,4,4,4,2160
2428183,4,4,-1,-1,1080
244a5d2,4,4,0,0,2160
2465916,4,4,-1,-1,1080
246d369,1,4,-1,-1,1080
246ea41,4,4,0,-1,1440
24d0f86,4,4,-1,-1,1080
24d485c,4,4,4,1,2160
24ef84e,4,4,-1,-1,1080
25000b6,4,4,-1,-1,1080
25283f9,4,4,4,4,2160
2535461,4,4,-1,-1,1080
254021d,4,4,-1,-1,1080
2552ae0,4,4,-1,-1,1080
255e43f,4,4,-1,-1,1080
2565d2d,4,4,-1,-1,1080
257097a,4,3,-1,-1,1080
257376d,4,4,4,4,2160
259f3bb,4,4,4,4,2160
25cb174,4,3,-1,-1,1080
25cc985,3,3,4,-1,1440
25f50d8,4,4,4,4,2160
25fdd9c,4,4,4,4,2160
264ebdb,4,4,4,1,2160
265655d,3,3,3,-1,1440
26658d4,4,4,-1,-1,1080
267ab48,4,3,-1,-1,1080
26872eb,4,4,4,1,2160
26b32cc,4,4,-1,-1,1080
26bca6b,4,4,4,4,2160
26c9129,2,0,-1,-1,1080
26cc3cd,4,4,-1,-1,1080
26dea6a,4,4,-1,-1,1080
26e6e8d,4,4,3,0,2160
26eaaf6,4,4,4,-1,1440
26f6150,4,4,4,4,2160
26f8e85,4,4,-1,-1,1080
271e95f,4,4,0,-1,1440
2750f9d,4,4,4,-1,1440
275992f,4,4,4,1,2160
275fa8d,4,4,-1,-1,1080
275fbe7,3,3,-1,-1,1080
27922c4,3,3,-1,-1,1080
2798174,3,3,3,-1,1440
27ad43b,4,4,4,-1,1440
27c7a89,4,4,4,-1,1440
27f6d93,4,4,-1,-1,1080
280cac5,4,4,-1,-1,1080
281193f,4,4,-1,-1,1080
2831910,4,4,4,4,2160
284503f,4,2,-1,-1,1080
2849da3,4,3,-1,-1,1080
284e61a,4,4,4,4,2160
28773e8,4,4,-1,-1,1080
2877fd2,4,4,-1,-1,1080
288cad1,4,4,4,4,2160
289b2bf,4,4,4,-1,1440
28a4aeb,4,4,-1,-1,1080
28c50a6,4,4,-1,-1,1080
28ced6a,4,4,-1,-1,1080
28cef8e,4,4,-1,-1,1080
28e0a34,4,4,-1,-1,1080
28f14cd,4,4,-1,-1,1080
28fb178,4,4,4,0,2160
290de22,3,3,3,-1,1440
292394e,4,4,-1,-1,1080
292d896,4,3,3,-1,1440
293f244,4,4,-1,-1,1080
29441bc,4,4,4,4,2160
2947003,4,4,4,4,2160
2947358,4,4,4,4,2160
295d718,4,3,-1,-1,1080
2984e53,3,4,-1,-1,1080
29acf43,3,4,4,-1,1440
29d02a3,3,4,0,0,2160
29d28ab,3,4,2,-1,1440
29d8f3f,4,4,-1,-1,1080
29d959a,4,4,4,3,2160
29e5023,1,4,-1,-1,1080
2a113d7,4,4,-1,-1,1080
2a14b7b,4,4,-1,-1,1080
2a23a74,4,3,2,-1,1440
2a421f5,4,4,4,4,2160
2a57037,3,3,3,-1,1440
2a742c6,3,3,3,-1,1440
2a7ba7b,4,4,4,4,2160
2a7deb2,4,4,4,-1,1440
2a9201e,3,4,2,-1,1440
2a9820e,4,1,3,-1,1440
2aa8784,4,4,-1,-1,1080
2aaaf55,4,4,-1,-1,1080
2aace30,4,4,-1,-1,1080
2aae249,4,4,4,4,2160
2aba4a5,3,1,0,-1,1440
2ac897f,4,4,4,4,2160
2ad50ec,4,3,3,4,2160
2ad6fac,4,4,4,0,2160
2aef975,3,3,-1,-1,1080
2af2da7,4,4,-1,-1,1080
2af7716,4,4,4,4,2160
2b0f512,4,4,4,4,2160
2b313cc,3,3,4,-1,1440
2b6313b,3,3,3,-1,1440
2b7709c,4,4,4,4,2160
2b7f175,4,4,4,4,2160
2b84ad0,4,4,-1,-1,1080
2b89474,4,4,-1,-1,1080
2b8a656,4,4,-1,-1,1080
2b9b8b7,4,4,4,0,2160
2bc38ff,4,4,4,4,2160
2bc4968,3,3,3,4,2160
2bc54a2,3,3,3,-1,1440
2bed624,4,4,4,3,2160
2bf4d6a,4,4,4,1,2160
2c02dd5,3,3,-1,-1,1080
2c08bba,3,3,-1,-1,1080
2c153f1,4,4,4,4,2160
2c2fe5f,3,3,-1,-1,1080
2c7adc0,4,4,0,0,2160
2c85c03,4,0,-1,-1,1080
2cae807,3,3,3,-1,1440
2cb3865,4,2,-1,-1,1080
2cb4f72,4,4,4,4,2160
2cc530e,4,4,-1,-1,1080
2cc6589,4,4,-1,-1,1080
2cc9fa7,3,4,2,-1,1440
2cecb63,4,4,4,4,2160
2cfbef8,4,4,-1,-1,1080
2d13d2a,4,4,-1,-1,1080
2d1ccf2,3,4,4,3,2160
2d4e35f,4,4,-1,-1,1080
2d61e4a,4,4,4,4,2160
2d6e6e2,4,3,3,-1,1440
2d7577c,3,0,0,-1,1440
2da3ba1,4,4,4,1,2160
2da7c9d,4,4,-1,-1,1080
2db8297,3,4,3,-1,1440
2dba3e7,4,4,-1,-1,1080
2dc055e,4,4,-1,-1,1080
2dc1ed3,4,4,-1,-1,1080
2de55c5,4,4,-1,-1,1080
2de9240,4,4,-1,-1,1080
2dfca50,4,4,4,0,2160
2e0717b,3,3,3,-1,1440
2e12139,4,4,4,4,2160
2e17faf,4,4,-1,-1,1080
2e23e2d,4,4,-1,-1,1080
2e2976f,4,4,-1,-1,1080
2e30320,4,3,-1,-1,1080
2e32cd3,4,4,-1,-1,1080
2e6483e,3,3,-1,-1,1080
2e663ec,4,4,-1,-1,1080
2e82e9b,4,4,4,0,2160
2e969bf,4,4,-1,-1,1080
2eadb32,4,4,-1,-1,1080
2eae287,4,4,4,4,2160
2eb8fd1,3,1,0,-1,1440
2ecc982,4,4,4,4,2160
2ed49b5,4,4,-1,-1,1080
2ed60da,4,4,4,-1,1440
2eda912,3,4,-1,-1,1080
2ee396d,1,4,-1,-1,1080
2ee9e08,2,0,-1,-1,1080
2f10989,3,4,3,2,2160
2f132df,4,4,4,-1,1440
2f188e1,4,3,-1,-1,1080
2f19db1,2,0,-1,-1,1080
2f1d1a9,4,4,4,4,2160
2f31fc5,4,4,-1,-1,1080
2f3281b,4,3,3,4,2160
2f3ce7d,4,4,-1,-1,1080
2f5d5d2,4,4,4,3,2160
2f7447e,3,4,4,3,2160
2f7e38e,1,0,0,-1,1440
2f98e1d,4,4,-1,-1,1080
2fa6897,3,4,3,-1,1440
2fd6998,4,4,4,4,2160
2fd6fa6,4,4,-1,-1,1080
2fe0083,4,4,4,4,2160
2ff0d51,1,3,-1,-1,1080
303339d,4,4,4,0,2160
303ab08,4,4,-1,-1,1080
305ec02,4,4,4,4,2160
3074524,4,4,4,-1,1440
3078f27,4,3,3,-1,1440
3079891,4,4,4,4,2160
30802da,1,0,0,-1,1440
30887bb,4,3,-1,-1,1080
30995b4,3,3,-1,-1,1080
30b9c9f,3,3,-1,-1,1080
30c16c9,4,1,-1,-1,1080
30e2b02,1,4,-1,-1,1080
30f01e6,3,3,3,-1,1440
30f0510,4,3,-1,-1,1080
30fbcde,4,4,4,4,2160
3118e68,3,4,2,-1,1440
311e2ff,4,4,-1,-1,1080
3144a2e,4,3,3,1,2160
318f741,4,4,-1,-1,1080
31a6a14,4,4,-1,-1,1080
31c1862,4,4,4,4,2160
31c78bd,4,3,-1,-1,1080
31cbc23,3,3,3,-1,1440
31cf677,4,4,4,3,2160
31e253c,4,3,-1,-1,1080
3202a17,4,4,4,2,2160
3203205,4,4,4,2,2160
322287c,4,4,4,4,2160
328bba5,4,4,4,4,2160
32b9274,4,3,-1,-1,1080
32b9c4c,4,4,4,4,2160
330324c,4,4,4,1,2160
3335a92,3,3,3,3,2160
333690a,4,4,-1,-1,1080
334a0fd,3,3,3,3,2160
33688f2,2,0,0,0,2160
3368955,4,4,4,4,2160
336c045,4,4,4,4,2160
336d647,4,4,4,1,2160
3374d31,4,4,4,4,2160
33760ff,1,4,-1,-1,1080
3379b8d,4,4,-1,-1,1080
337dfc2,4,4,4,4,2160
338974a,4,4,4,4,2160
33a0974,4,4,4,4,2160
33abc1d,-1,4,-1,-1,1080
33b7713,4,4,4,2,2160
33c05da,4,4,4,4,2160
33ca8e6,4,4,-1,-1,1080
33e1aad,3,4,4,4,2160
33eeb5a,0,4,-1,-1,1080
341496b,4,4,-1,-1,1080
341673b,4,3,-1,-1,1080
3419a59,4,4,-1,-1,1080
342211a,4,4,-1,-1,1080
3425ab1,3,3,-1,-1,1080
3435094,4,4,-1,-1,1080
3435793,4,4,-1,-1,1080
348d2e9,2,3,-1,-1,1080
348f30f,4,3,2,-1,1440
349a7ed,4,3,0,-1,1440
34be947,4,4,-1,-1,1080
34d076a,4,3,2,-1,1440
34e1d36,4,4,4,4,2160
34edc5b,4,4,-1,-1,1080
34f10cf,3,3,3,-1,1440
34fd009,4,4,2,0,2160
3520f9e,4,4,-1,-1,1080
3531d54,4,4,-1,-1,1080
353acbe,4,4,-1,-1,1080
3543e2f,4,4,-1,-1,1080
3558bab,4,4,4,-1,1440
359ce7c,4,4,-1,-1,1080
35a46bb,4,4,-1,-1,1080
35d4ca6,4,4,-1,-1,1080
35e78ea,4,3,-1,-1,1080
35fcd40,4,3,-1,-1,1080
3600b8f,4,4,3,0,2160
3635ba9,4,3,-1,-1,1080
365e60f,4,4,-1,-1,1080
366c49b,4,4,-1,-1,1080
366d0cd,4,4,4,4,2160
3676ee1,4,4,4,4,2160
3683e14,4,3,3,-1,1440
36bc433,3,3,-1,-1,1080
36eda69,4,4,4,3,2160
36f6555,4,4,-1,-1,1080
36fffdb,4,4,4,4,2160
370aed7,4,4,4,1,2160
371f169,4,4,-1,-1,1080
372711c,4,4,-1,-1,1080
372bec5,4,4,4,-1,1440
375f65c,4,4,4,4,2160
378abdf,4,4,3,4,2160
379c9b6,4,4,-1,-1,1080
37aeed6,4,4,4,1,2160
37bb105,4,4,-1,-1,1080
37caf47,3,3,-1,-1,1080
37d46f5,4,0,3,-1,1440
37e0415,4,1,0,0,2160
37f82b1,4,3,-1,-1,1080
380d6d2,4,4,-1,-1,1080
38268a0,4,4,4,4,2160
382964c,4,4,-1,-1,1080
383786f,4,4,3,0,2160
383adfc,4,3,0,0,2160
384b554,4,4,-1,-1,1080
384e2ea,4,4,4,4,2160
38571ea,4,4,4,4,2160
385b9bb,4,4,4,4,2160
38645e0,3,3,3,4,2160
386c361,3,3,-1,-1,1080
3872a8d,4,4,-1,-1,1080
3877f56,4,4,4,-1,1440
38833fa,4,3,-1,-1,1080
38867e9,4,4,4,-1,1440
388e63a,2,0,-1,-1,1080
3891fd5,4,3,2,-1,1440
389f063,4,2,-1,-1,1080
38b4777,4,4,-1,-1,1080
38b590e,4,3,-1,-1,1080
38b5b90,4,4,-1,-1,1080
38cf220,4,4,-1,-1,1080
38e1d95,3,2,-1,-1,1080
38e28d7,3,4,-1,-1,1080
38e50d9,4,4,4,-1,1440
38ec198,4,4,-1,-1,1080
390be41,4,4,-1,-1,1080
3931115,4,4,-1,-1,1080
3934693,4,4,-1,-1,1080
3935d84,2,0,-1,-1,1080
3967eaa,3,2,-1,-1,1080
3972f8c,4,4,4,-1,1440
3974726,4,4,-1,-1,1080
3976f6a,4,4,4,4,2160
39863eb,4,4,4,3,2160
399dbdb,4,3,-1,-1,1080
39b38a1,4,4,4,4,2160
3a01b7c,4,4,-1,-1,1080
3a11c98,4,4,-1,-1,1080
3a2fd84,4,4,4,4,2160
3a45f7d,4,4,0,0,2160
3a483c8,4,4,-1,-1,1080
3a6c248,4,4,-1,-1,1080
3a77c2c,4,4,4,4,2160
3a7ce96,4,2,1,0,2160
3a8886f,4,4,3,2,2160
3a88b12,4,4,4,4,2160
3aa014a,4,3,-1,-1,1080
3aabcae,4,4,-1,-1,1080
3aad713,3,3,3,-1,1440
3ad23f9,4,4,4,4,2160
3ad907b,4,4,4,3,2160
3ae3f4b,4,4,4,-1,1440
3b239ac,4,4,-1,-1,1080
3b46af6,3,0,-1,-1,1080
3b5f0c2,3,3,-1,-1,1080
3b63293,4,4,4,4,2160
3b8430c,4,4,4,0,2160
3b86b18,4,4,-1,-1,1080
3b88e47,1,4,-1,-1,1080
3baabb8,4,-1,-1,-1,720
3bb4124,4,4,4,4,2160
3be6046,4,4,-1,-1,1080
3c0c260,4,4,-1,-1,1080
3c0d588,4,4,4,0,2160
3c195d8,4,4,-1,-1,1080
3c1d430,4,4,4,4,2160
3c36b1a,4,4,-1,-1,1080
3c4479a,4,4,-1,-1,1080
3c59308,4,4,4,1,2160
3c78f05,4,4,4,4,2160
3c7cd10,4,4,-1,-1,1080
3ca112f,4,4,4,4,2160
3cb0588,4,4,4,4,2160
3cc0e72,3,3,3,-1,1440
3cc360f,4,4,-1,-1,1080
3cf746e,0,3,-1,-1,1080
3cfd466,4,4,-1,-1,1080
3d09728,4,4,-1,-1,1080
3d35e28,4,4,4,4,2160
3d4c8d7,1,4,-1,-1,1080
3d56d29,4,4,4,4,2160
3d6bd41,3,4,3,3,2160
3d6e61c,4,4,-1,-1,1080
3d8acf1,4,4,4,4,2160
3db3535,4,4,-1,-1,1080
3db7d79,4,4,-1,-1,1080
3dbfb20,1,0,-1,-1,1080
3ddbcc2,4,4,-1,-1,1080
3de494e,3,2,-1,-1,1080
3dfeb1b,4,4,4,4,2160
3e07ff9,4,4,4,4,2160
3e09f7a,4,3,-1,-1,1080
3e0bf72,4,4,-1,-1,1080
3e0ecf9,4,4,-1,-1,1080
3e31b94,3,3,-1,-1,1080
3e3b4a4,4,4,-1,-1,1080
3e51a3e,4,4,4,3,2160
3ea211e,4,4,-1,-1,1080
3ed70ca,3,3,3,-1,1440
3edf765,4,4,4,0,2160
3f0bc61,4,4,4,0,2160
3f1eef1,4,3,-1,-1,1080
3f1ef50,3,3,3,-1,1440
3f2029b,4,4,4,0,2160
3f3f785,3,4,-1,-1,1080
3f40f66,4,-1,-1,-1,720
3f4b54e,4,4,1,0,2160
3f4ded2,4,4,-1,-1,1080
3f5234f,4,3,-1,-1,1080
3f5336a,4,4,-1,-1,1080
3f541f8,3,1,0,-1,1440
3f75c0c,4,3,3,3,2160
3f7c837,4,4,4,1,2160
3f7d53b,4,4,3,4,2160
3f8fad2,4,4,4,1,2160
3fba8c9,4,4,-1,-1,1080
3fbf5bf,4,4,4,4,2160
3fc3c5c,4,4,-1,-1,1080
3fce51d,4,4,4,4,2160
3fcfe13,4,4,4,4,2160
3fd5a6a,4,4,-1,-1,1080
3ff6428,4,4,4,-1,1440
4004713,4,4,4,3,2160
400ad86,4,4,-1,-1,1080
400dcce,4,4,-1,-1,1080
400f575,3,3,3,-1,1440
401281c,4,4,-1,-1,1080
401bec3,3,3,3,-1,1440
4030c83,4,4,4,1,2160
403156d,3,3,3,-1,1440
404188d,3,4,3,-1,1440
4058419,4,4,4,4,2160
406e427,4,4,4,4,2160
408a345,2,0,-1,-1,1080
408a479,4,4,4,-1,1440
409160b,4,4,4,-1,1440
40b5615,4,4,4,3,2160
40c29c2,4,4,-1,-1,1080
40c6935,4,4,-1,-1,1080
40d4ee9,3,3,-1,-1,1080
40e7b30,4,4,-1,-1,1080
411a518,4,4,4,0,2160
4126a23,4,4,-1,-1,1080
4133227,4,3,3,3,2160
413d68b,4,4,-1,-1,1080
4143571,1,4,-1,-1,1080
414379c,4,4,-1,-1,1080
4147561,4,4,4,-1,1440
41563bb,4,4,4,4,2160
416c85d,4,4,4,2,2160
417cba0,4,4,-1,-1,1080
418a970,4,4,4,4,2160
41dfd97,3,4,-1,-1,1080
41f726e,4,4,4,2,2160
4210373,4,4,-1,-1,1080
422bd88,1,3,-1,-1,1080
42304e8,3,3,-1,-1,1080
4247353,2,3,-1,-1,1080
4254caa,4,4,-1,-1,1080
4290aaa,4,4,-1,-1,1080
42a0088,4,4,-1,-1,1080
42acb5e,3,3,3,3,2160
42bb2a0,4,4,4,3,2160
42d0eee,4,3,2,-1,1440
42e97a8,4,3,3,-1,1440
42edd36,4,4,4,-1,1440
42f61e4,0,1,-1,-1,1080
43169f4,3,4,3,-1,1440
4317f20,4,4,-1,-1,1080
4339325,4,4,-1,-1,1080
43609ad,4,4,4,4,2160
4385dc8,3,4,2,-1,1440
438fef2,4,4,4,4,2160
43a6a70,4,4,4,4,2160
43c0599,4,4,4,1,2160
43d5a8e,4,4,4,4,2160
43e9baa,4,4,-1,-1,1080
440c164,4,4,4,0,2160
441075a,4,4,-1,-1,1080
4431f10,4,4,4,-1,1440
4432e94,4,4,3,-1,1440
443bff2,2,4,-1,-1,1080
44503d0,4,4,4,-1,1440
4458b4f,3,3,3,-1,1440
4473cbc,4,4,4,4,2160
4485101,3,3,-1,-1,1080
449c525,4,4,-1,-1,1080
44bd77e,3,3,-1,-1,1080
44c4778,4,4,-1,-1,1080
44cd30a,3,3,3,-1,1440
44f6112,4,4,4,4,2160
44fdd7b,3,3,-1,-1,1080
450e4f3,4,3,-1,-1,1080
452e9fe,3,1,-1,-1,1080
4540c45,4,4,4,3,2160
4564d82,4,4,4,4,2160
45835f5,4,4,-1,-1,1080
459c1f5,4,4,-1,-1,1080
45a8c09,4,4,4,4,2160
45c8b0e,4,2,-1,-1,1080
45c8f8f,4,4,4,-1,1440
45d5e11,3,3,3,-1,1440
460075c,4,4,-1,-1,1080
4603bda,4,4,-1,-1,1080
4607723,4,4,-1,-1,1080
4615f8b,4,4,4,4,2160
461fa03,3,3,3,-1,1440
46393a3,4,3,-1,-1,1080
4641925,4,4,4,4,2160
4642596,3,3,3,-1,1440
464406b,4,4,-1,-1,1080
465cb7d,3,4,0,-1,1440
467c9be,4,2,4,-1,1440
4680d98,0,3,-1,-1,1080
468e94e,4,4,4,0,2160
46a2183,3,4,3,-1,1440
46ac2e7,4,4,-1,-1,1080
46aefad,4,4,-1,-1,1080
46d0d45,2,0,-1,-1,1080
46ec7b9,3,0,-1,-1,1080
4705e60,3,4,-1,-1,1080
472eb3d,4,4,-1,-1,1080
4734d30,4,4,4,3,2160
4736de2,4,4,-1,-1,1080
4737204,4,4,4,-1,1440
4739f58,4,4,4,4,2160
474502a,4,4,-1,-1,1080
4751247,4,4,4,-1,1440
4760f87,4,4,-1,-1,1080
478293c,4,4,4,2,2160
4789663,4,4,4,-1,1440
47916de,4,4,-1,-1,1080
47a7e6f,4,4,-1,-1,1080
47abc1e,4,4,-1,-1,1080
47fa71f,4,4,4,-1,1440
481903f,2,3,-1,-1,1080
481b3a6,4,4,4,4,2160
48370be,4,4,4,-1,1440
4844727,4,4,4,4,2160
484ffcb,4,4,4,4,2160
485a1f2,4,4,-1,-1,1080
48681fc,4,4,4,-1,1440
486caae,4,4,4,4,2160
48881c9,4,4,4,4,2160
488b696,4,4,4,3,2160
488bf8c,0,4,-1,-1,1080
4896813,4,3,-1,-1,1080
48b984d,4,4,-1,-1,1080
48c4073,4,4,-1,-1,1080
48c9a5e,2,3,-1,-1,1080
48d4e3f,3,3,-1,-1,1080
48e19b0,4,4,4,-1,1440
48ec46f,4,4,4,4,2160
4900012,4,4,-1,-1,1080
4901703,4,4,4,4,2160
4914f55,4,3,-1,-1,1080
491ece3,4,4,4,3,2160
4924943,4,4,4,4,2160
49403ba,4,4,4,-1,1440
494318e,3,2,-1,-1,1080
4948f75,4,4,-1,-1,1080
494cb0b,4,4,4,3,2160
49545ef,3,3,-1,-1,1080
497a388,3,4,3,2,2160
497dc1b,4,4,4,1,2160
4990fb4,4,4,4,4,2160
49a5343,4,4,-1,-1,1080
49b419c,3,3,-1,-1,1080
49b8a4f,4,4,-1,-1,1080
49d6d8d,4,4,-1,-1,1080
49f6487,4,4,4,-1,1440
4a01be6,4,4,4,-1,1440
4a0c07a,4,4,4,3,2160
4a52c8e,4,4,-1,-1,1080
4a8ac00,4,4,-1,-1,1080
4a95546,4,4,4,-1,1440
4aa2cfc,4,3,-1,-1,1080
4aa834b,4,4,-1,-1,1080
4ab608f,3,0,-1,-1,1080
4ab86e8,4,4,4,4,2160
4ac1320,4,4,-1,-1,1080
4acbf41,4,4,-1,-1,1080
4af26b2,4,4,-1,-1,1080
4b0e849,4,2,-1,-1,1080
4b17ebd,4,4,4,4,2160
4b232af,4,3,3,3,2160
4b35453,3,3,4,-1,1440
4b3ac59,3,3,3,-1,1440
4b3c2b1,4,4,3,-1,1440
4b49c28,4,3,-1,-1,1080
4b4aad4,4,3,3,1,2160
4b627f6,4,4,4,-1,1440
4b87f45,3,3,-1,-1,1080
4b990e6,4,4,-1,-1,1080
4baf378,4,1,-1,-1,1080
4bb05bf,4,4,4,-1,1440
4bbec0d,4,4,-1,-1,1080
4be0cce,4,4,4,-1,1440
4c05a73,4,4,4,0,2160
4c0890c,4,4,4,3,2160
4c0b64a,4,3,3,-1,1440
4c1bdbc,3,3,4,3,2160
4c1dfb1,4,4,-1,-1,1080
4c26410,4,4,4,4,2160
4c2bfe7,4,2,0,-1,1440
4c45854,4,4,-1,-1,1080
4c46119,4,4,4,4,2160
4c466b5,4,4,0,0,2160
4c49167,4,4,4,-1,1440
4c58e1a,4,4,4,4,2160
4c62737,3,3,3,-1,1440
4c834bb,0,4,-1,-1,1080
4cb488f,3,0,-1,-1,1080
4cc2446,4,4,-1,-1,1080
4cdc56b,4,3,-1,-1,1080
4ce8a33,4,4,3,4,2160
4d030b3,4,0,-1,-1,1080
4d3a3b1,4,4,4,-1,1440
4d43d7e,4,3,-1,-1,1080
4d4ba5d,4,4,-1,-1,1080
4d8f006,4,4,-1,-1,1080
4d9761f,1,0,-1,-1,1080
4d9ff0f,4,4,-1,-1,1080
4dc0179,4,4,-1,-1,1080
4dc5126,-1,4,-1,-1,1080
4dcfc22,4,4,4,4,2160
4dd0ab9,3,3,-1,-1,1080
4dd2275,3,4,2,-1,1440
4ddf461,3,-1,-1,-1,720
4df197b,4,4,4,3,2160
4df4e8a,4,4,4,-1,1440
4e07d32,4,4,-1,-1,1080
4e0e5dc,3,3,3,-1,1440
4e231f9,4,4,3,4,2160
4e24d48,4,4,4,0,2160
4e2ec57,3,3,3,3,2160
4e34e20,3,4,4,4,2160
4e470d2,4,4,4,4,2160
4e48b4f,3,3,3,-1,1440
4e4fd27,3,3,3,-1,1440
4e77656,4,4,0,0,2160
4e7c754,4,4,4,-1,1440
4ebec1f,4,3,3,2,2160
4ebfe69,4,4,-1,-1,1080
4ed0cc8,3,3,3,-1,1440
4ed5f87,4,4,4,4,2160
4ed6943,4,4,4,-1,1440
4ee1f35,4,4,4,-1,1440
4efae63,4,4,-1,-1,1080
4f0b4dc,4,4,-1,-1,1080
4f102fb,4,4,-1,-1,1080
4f239e3,4,4,4,-1,1440
4f3fa80,4,4,4,-1,1440
4f4a859,3,3,-1,-1,1080
4f6d2cc,3,3,-1,-1,1080
4f712e2,4,4,4,4,2160
4f7c413,4,4,4,4,2160
4f815c2,4,4,4,4,2160
4f95073,4,4,4,-1,1440
4fa3c4a,3,3,-1,-1,1080
4fab083,4,3,3,3,2160
4fc21ce,4,4,4,4,2160
4fd2adc,4,4,-1,-1,1080
4fd8f0c,4,3,-1,-1,1080
4ffe51e,3,3,2,-1,1440
4fff708,4,4,4,4,2160
501ebd6,4,4,4,4,2160
5078077,4,4,4,0,2160
507ff30,0,3,2,-1,1440
508771b,4,3,-1,-1,1080
508c73c,4,4,-1,-1,1080
508e012,4,4,-1,-1,1080
508ec07,4,4,-1,-1,1080
5092934,4,4,4,0,2160
50a7349,4,3,-1,-1,1080
50a7fa7,3,4,3,3,2160
50af97a,1,1,1,1,2160
50bccd0,4,4,-1,-1,1080
50bd15b,0,3,-1,-1,1080
50ea4f3,0,2,-1,-1,1080
50f4eb0,3,3,3,-1,1440
51043b0,4,4,4,1,2160
511638e,4,4,4,4,2160
51169b0,4,4,-1,-1,1080
5142e34,4,3,-1,-1,1080
516abae,4,4,-1,-1,1080
516c7cd,3,4,3,-1,1440
516cd86,3,3,-1,-1,1080
51744b0,4,4,-1,-1,1080
51aafec,4,4,4,0,2160
51e5157,4,4,4,2,2160
51f7067,4,3,3,4,2160
51fcf35,3,3,-1,-1,1080
521397d,4,4,2,0,2160
521a903,4,4,4,4,2160
523c1fe,4,4,4,3,2160
523e322,4,4,4,2,2160
5248cf0,3,3,-1,-1,1080
524b92b,4,4,-1,-1,1080
5257a47,4,4,4,4,2160
5258371,4,0,2,-1,1440
52c79d9,4,4,3,4,2160
52c8835,0,4,3,-1,1440
52d5d76,0,4,-1,-1,1080
5329398,4,4,-1,-1,1080
534f1b7,4,3,0,0,2160
535e077,4,4,-1,-1,1080
5366c21,4,4,-1,-1,1080
537779b,4,3,1,-1,1440
53804cc,4,4,4,4,2160
53bdf91,3,3,-1,-1,1080
53e986b,4,4,4,4,2160
53eac5f,4,4,-1,-1,1080
53ef292,4,4,4,3,2160
54050ef,4,4,-1,-1,1080
5408249,4,4,4,-1,1440
542bbbd,4,4,3,4,2160
5451f8a,4,4,4,4,2160
545ede5,4,4,4,-1,1440
54792ec,4,4,4,4,2160
548cd10,4,4,-1,-1,1080
548dae2,3,3,-1,-1,1080
54a8a46,4,4,-1,-1,1080
54c0d33,3,3,3,-1,1440
54e9482,4,4,4,0,2160
54f584d,4,3,3,-1,1440
5500b74,2,4,-1,-1,1080
551ebd9,4,4,4,2,2160
5536669,4,4,3,3,2160
553a58d,4,4,-1,-1,1080
554ec24,4,4,4,4,2160
55788a1,4,4,-1,-1,1080
558c815,4,4,3,3,2160
559367a,4,2,0,-1,1440
559888e,4,3,1,0,2160
559d9f3,2,0,-1,-1,1080
55b0857,3,4,3,-1,1440
55d32df,3,0,-1,-1,1080
55d3435,4,4,-1,-1,1080
55e73a6,4,4,-1,-1,1080
55fc079,0,3,-1,-1,1080
56232f0,4,4,4,-1,1440
5626c50,4,4,-1,-1,1080
5639b2e,4,4,-1,-1,1080
564e691,4,4,4,-1,1440
566204a,3,3,3,4,2160
567d8fb,4,4,4,-1,1440
569c3ce,4,4,4,3,2160
56a174a,3,3,2,-1,1440
56a4507,4,4,4,4,2160
56a81e3,4,4,4,-1,1440
56c8d17,4,4,3,4,2160
570222a,4,4,4,4,2160
570da81,4,4,-1,-1,1080
5763f95,4,4,-1,-1,1080
578c6b7,4,4,-1,-1,1080
5797960,4,4,4,-1,1440
57a53f6,4,4,4,4,2160
57ac542,4,4,-1,-1,1080
57b45f0,4,1,-1,-1,1080
57b6560,4,4,-1,-1,1080
57c9367,4,4,-1,-1,1080
57d3115,4,4,4,4,2160
57d9e6a,2,3,-1,-1,1080
57e7583,4,4,4,4,2160
57f0928,4,4,4,-1,1440
57fdba1,4,4,4,4,2160
58160dd,4,4,4,4,2160
583ca1e,4,2,-1,-1,1080
5850c12,4,4,4,4,2160
586fb0b,4,4,0,0,2160
587689f,4,4,4,4,2160
5884433,4,4,0,-1,1440
58b16b5,4,4,4,-1,1440
58b49f2,3,3,3,-1,1440
58cc360,4,4,4,4,2160
58cf5b8,3,0,-1,-1,1080
58f5f4b,4,4,-1,-1,1080
59016f2,4,4,4,-1,1440
5905e28,4,4,4,4,2160
5914433,3,3,-1,-1,1080
591e874,3,3,4,-1,1440
593c3f7,4,4,-1,-1,1080
5963d5f,3,3,-1,-1,1080
598303d,4,4,-1,-1,1080
59852f5,4,4,-1,-1,1080
599da16,4,4,-1,-1,1080
59abd30,4,4,-1,-1,1080
59b8d47,3,4,4,1,2160
59e309d,4,4,3,3,2160
5a094bf,4,4,4,-1,1440
5a16344,4,4,4,3,2160
5a1ed40,1,4,-1,-1,1080
5a2115c,4,2,-1,-1,1080
5a2376d,4,4,-1,-1,1080
5a24848,4,4,-1,-1,1080
5a350ea,4,4,-1,-1,1080
5a39081,0,3,-1,-1,1080
5a453d3,3,3,-1,-1,1080
5a45b68,4,4,-1,-1,1080
5a5b73e,4,4,0,-1,1440
5a649d0,4,3,-1,-1,1080
5a65101,3,0,-1,-1,1080
5a944f1,4,3,-1,-1,1080
5a9c9be,2,4,-1,-1,1080
5aec6c4,4,2,-1,-1,1080
5b12c21,4,4,-1,-1,1080
5b13cb0,4,4,4,4,2160
5b2027b,4,4,-1,-1,1080
5b214c1,4,4,4,2,2160
5b2537e,4,4,-1,-1,1080
5b25aec,4,4,4,-1,1440
5b36294,3,3,-1,-1,1080
5b4df64,3,1,0,-1,1440
5b56181,4,3,-1,-1,1080
5b71e94,4,4,-1,-1,1080
5b94a28,4,4,-1,-1,1080
5bb73b5,4,4,4,4,2160
5bef10c,4,2,-1,-1,1080
5bfdfa2,4,4,4,2,2160
5c23f49,4,4,4,4,2160
5c486e6,4,4,4,4,2160
5c6d73f,4,4,-1,-1,1080
5c730b9,4,4,-1,-1,1080
5c9935b,4,4,-1,-1,1080
5c9b3c2,4,4,-1,-1,1080
5c9c321,4,4,4,-1,1440
5cca372,2,4,-1,-1,1080
5cdbb78,4,4,-1,-1,1080
5ced8b0,4,4,4,4,2160
5cee042,4,4,-1,-1,1080
5cf14cb,4,4,-1,-1,1080
5cf46fc,4,4,4,3,2160
5d0d6ac,4,4,-1,-1,1080
5d17c23,4,3,-1,-1,1080
5d1f7e2,4,4,-1,-1,1080
5d2f573,4,4,-1,-1,1080
5d48034,4,4,4,4,2160
5d4ec94,4,3,3,3,2160
5d607fe,4,4,-1,-1,1080
5d6a12a,4,4,-1,-1,1080
5d880d4,4,4,4,4,2160
5d8939a,3,3,3,3,2160
5da1274,4,4,4,-1,1440
5da3c61,4,4,4,3,2160
5ddb1db,4,4,-1,-1,1080
5de8324,4,4,-1,-1,1080
5de8328,4,2,-1,-1,1080
5de9854,3,4,3,-1,1440
5df8396,3,4,3,3,2160
5e108d5,4,3,-1,-1,1080
5e2f86b,2,3,-1,-1,1080
5e31dc8,4,4,4,4,2160
5e483b5,4,2,-1,-1,1080
5e4ab50,4,4,4,-1,1440
5e57e03,4,4,4,4,2160
5e59b3c,4,4,4,-1,1440
5e5af0e,4,4,-1,-1,1080
5e6b373,4,4,-1,-1,1080
5e9e105,4,4,4,4,2160
5ea5c38,4,3,-1,-1,1080
5eb61ee,4,4,3,4,2160
5eb728e,4,4,3,-1,1440
5ebb90c,4,2,0,-1,1440
5ec8d02,3,3,3,-1,1440
5ef4171,2,0,-1,-1,1080
5efa1e9,2,1,-1,-1,1080
5f03c08,4,2,0,-1,1440
5f083b8,4,4,4,4,2160
5f3d56d,4,4,-1,-1,1080
5f53053,4,4,4,-1,1440
5f63f5e,4,3,4,4,2160
5f77119,4,4,4,4,2160
5f815ec,4,4,4,4,2160
5f98e8e,4,4,4,4,2160
5f9c5eb,4,4,4,4,2160
5faf615,4,4,-1,-1,1080
5fe26bd,4,4,-1,-1,1080
5ff968d,4,4,0,-1,1440
601828e,4,3,4,0,2160
601a8fa,4,4,-1,-1,1080
6026621,4,3,-1,-1,1080
6037721,4,4,-1,-1,1080
604bc5a,4,4,3,4,2160
604f109,3,3,-1,-1,1080
60a3b75,4,4,-1,-1,1080
60b0c0c,4,2,-1,-1,1080
60c489d,4,4,-1,-1,1080
60c9acf,4,4,4,0,2160
60e193d,4,4,3,4,2160
60f0b48,4,4,4,4,2160
6185281,4,4,-1,-1,1080
618b989,3,3,3,1,2160
618ea22,4,4,0,0,2160
61a0b1e,4,4,4,-1,1440
61ae116,3,3,3,3,2160
61af271,3,0,-1,-1,1080
61dc811,3,3,3,-1,1440
6218968,2,3,-1,-1,1080
6239401,4,4,-1,-1,1080
625bbd8,1,0,-1,-1,1080
626d8b1,4,4,4,1,2160
626eaae,4,4,4,-1,1440
627b9c1,4,4,4,3,2160
6283b08,4,3,-1,-1,1080
62cd06b,4,4,-1,-1,1080
62e1501,3,3,-1,-1,1080
62e7365,4,4,4,4,2160
63026a8,3,0,-1,-1,1080
6319361,4,4,4,0,2160
633cdc5,4,4,4,4,2160
6340083,4,4,4,4,2160
634fec6,4,4,-1,-1,1080
635b228,4,3,1,0,2160
63738fe,2,4,4,-1,1440
637becf,4,4,4,4,2160
63dc81f,4,4,4,-1,1440
63f549e,4,4,4,-1,1440
640589e,4,4,3,4,2160
640e135,4,4,3,-1,1440
641e1ca,4,4,4,-1,1440
6443cce,3,3,-1,-1,1080
645620e,4,3,3,-1,1440
6461ed3,2,0,-1,-1,1080
647d0ef,4,4,4,2,2160
648295c,4,4,4,-1,1440
64891ca,3,3,-1,-1,1080
648f2c8,0,4,-1,-1,1080
64997aa,4,4,4,-1,1440
649ed87,4,4,4,-1,1440
64a98ce,4,4,4,-1,1440
64c3344,4,4,-1,-1,1080
64c8294,4,3,-1,-1,1080
64ec7e4,4,4,-1,-1,1080
65033ff,4,4,4,-1,1440
6507603,4,4,-1,-1,1080
651642b,4,4,-1,-1,1080
651a933,4,3,0,0,2160
655aebf,4,4,-1,-1,1080
6562d9a,4,4,-1,-1,1080
657529a,4,4,-1,-1,1080
6587f21,4,3,3,1,2160
65936a7,4,4,4,4,2160
65aa1ad,4,4,-1,-1,1080
65b441e,4,4,4,4,2160
65d82aa,4,4,-1,-1,1080
65e9266,4,4,4,4,2160
65f4e34,4,4,-1,-1,1080
661a1f2,4,4,-1,-1,1080
661a9a9,4,4,4,-1,1440
6620dab,4,4,-1,-1,1080
663483f,4,4,-1,-1,1080
663d620,4,4,4,4,2160
6653ca8,4,4,-1,-1,1080
6657d37,4,2,-1,-1,1080
6671f7a,4,4,-1,-1,1080
667a2dd,3,3,3,-1,1440
667a5e8,3,4,0,-1,1440
667b55e,4,3,-1,-1,1080
6691cf4,4,4,4,4,2160
66bf228,4,4,4,4,2160
66eb849,4,3,3,3,2160
66fa3fc,3,3,3,-1,1440
6708eef,0,3,-1,-1,1080
670a4c9,4,4,4,-1,1440
6735be2,4,4,4,-1,1440
67400de,4,4,-1,-1,1080
676d19c,4,3,-1,-1,1080
67aa5e2,4,4,4,-1,1440
67b508e,1,3,-1,-1,1080
67b831a,3,4,4,-1,1440
67f03d3,4,4,4,4,2160
67f093c,4,4,4,4,2160
6803c5a,4,3,3,-1,1440
680f714,4,3,3,-1,1440
6811409,3,3,3,3,2160
6818c0d,4,4,-1,-1,1080
6836a22,0,4,3,-1,1440
687bb39,4,4,4,4,2160
68a8109,4,4,4,-1,1440
68cefde,4,4,4,-1,1440
68d015c,4,4,-1,-1,1080
68e5dfb,4,4,4,1,2160
690ce50,4,4,4,4,2160
691d323,4,4,4,4,2160
692dd81,3,4,-1,-1,1080
69305e3,4,3,-1,-1,1080
69399d0,4,4,4,4,2160
69436c3,4,4,4,3,2160
6946e85,4,4,4,-1,1440
695bbe1,4,4,4,4,2160
698a444,4,4,4,4,2160
6997e25,4,4,4,4,2160
69d12ff,4,3,3,1,2160
69d966e,4,4,4,4,2160
6a11305,4,4,4,4,2160
6a31039,4,4,-1,-1,1080
6a35b10,4,4,-1,-1,1080
6a3f0a1,4,4,-1,-1,1080
6a42348,4,3,-1,-1,1080
6a932d5,4,4,4,4,2160
6aa754e,4,3,4,-1,1440
6ae832f,4,4,-1,-1,1080
6ae9667,3,0,-1,-1,1080
6af891a,4,4,4,4,2160
6afa41a,3,4,3,-1,1440
6b1f49b,4,4,4,3,2160
6b1ff64,4,2,0,-1,1440
6b778ee,4,4,-1,-1,1080
6baf4f3,4,4,-1,-1,1080
6bc330d,3,3,-1,-1,1080
6bc9c04,4,4,4,4,2160
6bdb6a5,4,4,4,4,2160
6bf5aa8,3,4,4,0,2160
6bfa419,4,4,-1,-1,1080
6bfa5b0,1,1,-1,-1,1080
6c11033,4,4,-1,-1,1080
6c1eb7d,1,4,0,-1,1440
6c1f01e,3,3,-1,-1,1080
6c428b1,4,4,-1,-1,1080
6c44997,4,4,-1,-1,1080
6c6c79b,1,3,-1,-1,1080
6c6f5d2,4,4,-1,-1,1080
6c94c91,4,4,-1,-1,1080
6c954ed,4,3,2,3,2160
6d09bd2,4,4,4,4,2160
6d0b52a,4,4,4,4,2160
6d12e1e,4,4,4,-1,1440
6d16ce9,4,4,4,0,2160
6d1ce01,4,4,4,4,2160
6d31bdc,4,4,-1,-1,1080
6d40fd5,4,4,-1,-1,1080
6d45494,4,4,4,0,2160
6d5ae0c,4,4,-1,-1,1080
6d5c54b,4,4,-1,-1,1080
6d69632,3,3,-1,-1,1080
6d6b441,4,4,-1,-1,1080
6d7f006,3,1,-1,-1,1080
6d97011,4,4,4,4,2160
6da5712,4,4,-1,-1,1080
6db2274,3,3,-1,-1,1080
6db4efa,4,4,-1,-1,1080
6dba862,4,4,4,-1,1440
6dc384b,4,4,-1,-1,1080
6dc875b,4,4,-1,-1,1080
6df1a9c,4,4,4,4,2160
6dfae9f,4,1,-1,-1,1080
6e0189d,4,3,-1,-1,1080
6e1b693,4,4,4,4,2160
6e35611,4,4,-1,-1,1080
6e50ee9,4,4,4,2,2160
6e6e9d9,3,3,-1,-1,1080
6e70bbd,4,4,-1,-1,1080
6eacb54,4,3,-1,-1,1080
6ec0e7c,4,3,-1,-1,1080
6ee59f2,3,3,4,-1,1440
6f1d6ac,4,4,4,1,2160
6f22d3f,4,4,-1,-1,1080
6f416a1,4,4,-1,-1,1080
6f51d6a,4,4,4,4,2160
6f79c39,4,4,-1,-1,1080
6f92aa4,3,4,-1,-1,1080
6fa691c,4,4,4,3,2160
6fb8464,4,2,1,-1,1440
6fc6124,3,3,3,-1,1440
6fc98d4,4,4,-1,-1,1080
6fd718f,4,4,-1,-1,1080
6fe2431,4,4,4,3,2160
70182ad,4,4,4,4,2160
703e396,4,3,-1,-1,1080
7042bf3,4,4,4,4,2160
7045a98,4,4,-1,-1,1080
704ebea,4,4,4,4,2160
7065c70,4,4,-1,-1,1080
7075946,4,4,4,-1,1440
7084dad,4,4,2,0,2160
7096c27,4,4,-1,-1,1080
70a864e,4,4,4,0,2160
70aad12,4,4,4,-1,1440
70be024,4,4,4,4,2160
70c1069,4,4,4,4,2160
70dc1cb,4,4,4,-1,1440
70ea3e5,4,4,4,2,2160
710ae1f,3,4,-1,-1,1080
716f915,4,4,-1,-1,1080
718abbd,3,3,3,-1,1440
71a526a,3,3,3,-1,1440
71a5a8c,4,3,3,3,2160
71de507,4,4,-1,-1,1080
71fd16a,4,4,-1,-1,1080
71ff96d,4,4,-1,-1,1080
7225531,4,4,-1,-1,1080
722762b,4,4,4,4,2160
7242637,4,4,0,0,2160
7266faa,4,4,4,-1,1440
726ee63,4,4,4,3,2160
727ad64,4,4,4,4,2160
727b1d6,4,4,4,4,2160
729d9bb,3,4,-1,-1,1080
72a9144,4,4,-1,-1,1080
72b4aef,4,3,4,4,2160
7326cef,3,3,3,-1,1440
734d0e6,4,4,-1,-1,1080
73522d8,4,4,4,4,2160
7357044,4,4,4,4,2160
7375bab,4,4,-1,-1,1080
739c8f5,4,4,-1,-1,1080
73a7042,4,4,-1,-1,1080
73b3e6a,4,3,1,0,2160
73c042e,4,4,4,-1,1440
73f3ee9,4,4,4,-1,1440
7407df7,4,4,4,4,2160
74295f5,4,4,4,0,2160
7440337,4,4,3,-1,1440
7459926,4,4,-1,-1,1080
7465054,4,4,4,-1,1440
7487813,4,4,4,2,2160
749546c,4,4,-1,-1,1080
749f920,4,4,4,4,2160
74a431b,4,4,-1,-1,1080
74ab475,4,4,3,-1,1440
74c53d0,3,0,-1,-1,1080
74cb9a1,4,4,3,1,2160
750156f,4,4,-1,-1,1080
7502e63,4,4,-1,-1,1080
751d133,4,4,-1,-1,1080
7535f4a,2,3,-1,-1,1080
7538955,4,3,-1,-1,1080
7539627,4,4,-1,-1,1080
7543321,3,4,4,2,2160
7545206,3,3,3,-1,1440
756a491,4,4,4,0,2160
7585fc8,3,3,3,-1,1440
758b31e,4,3,-1,-1,1080
7590ad7,4,4,4,4,2160
75a502a,0,4,3,-1,1440
75afb09,4,4,4,4,2160
75ba18f,4,4,4,4,2160
75cd6f6,4,4,-1,-1,1080
7639a30,4,4,4,4,2160
764c9ae,4,4,4,0,2160
765c5d0,4,4,4,4,2160
7673b26,4,4,-1,-1,1080
7683a50,3,3,-1,-1,1080
7692e34,3,4,3,-1,1440
769789a,4,3,-1,-1,1080
769a5f7,4,4,-1,-1,1080
769f122,4,4,-1,-1,1080
76ac06f,3,3,3,-1,1440
76b4483,4,4,4,2,2160
76daf74,2,0,-1,-1,1080
76fbf29,4,4,4,4,2160
772023d,4,4,4,4,2160
7728bfa,4,4,-1,-1,1080
773d360,1,3,-1,-1,1080
7740ebe,4,4,4,4,2160
775b76c,4,4,4,4,2160
77622d4,4,2,-1,-1,1080
777d209,4,1,-1,-1,1080
77cd5b9,4,4,4,-1,1440
77df5aa,4,4,-1,-1,1080
77e3ab5,3,3,3,-1,1440
7807137,2,2,-1,-1,1080
78149dd,4,4,4,2,2160
7821dd4,1,0,-1,-1,1080
7830e30,4,4,4,3,2160
784f6bf,3,0,-1,-1,1080
78647bc,4,4,-1,-1,1080
7867995,4,4,-1,-1,1080
7879c42,4,4,-1,-1,1080
7886860,4,4,4,-1,1440
789cf42,2,0,-1,-1,1080
78af12b,4,4,-1,-1,1080
78c08a6,4,4,-1,-1,1080
78c92f8,2,3,-1,-1,1080
78ddb31,4,4,-1,-1,1080
78e1224,1,3,-1,-1,1080
79265ed,4,4,4,1,2160
792a519,4,3,1,0,2160
792b700,4,4,-1,-1,1080
792dbf1,4,3,-1,-1,1080
792e287,4,4,-1,-1,1080
7935c07,3,4,3,0,2160
793a6b2,4,4,4,3,2160
7961806,3,3,-1,-1,1080
7964059,4,4,3,4,2160
79642d8,4,4,-1,-1,1080
79ab7f5,4,4,4,4,2160
79ba5c8,4,4,4,0,2160
79c17d4,4,4,4,-1,1440
79c5313,4,4,-1,-1,1080
79cea98,4,4,4,4,2160
79d78c1,4,4,-1,-1,1080
79f913e,4,3,-1,-1,1080
79fde8b,4,4,-1,-1,1080
7a19050,4,3,-1,-1,1080
7a1c0ee,2,0,-1,-1,1080
7a2055d,4,4,3,4,2160
7a3915b,4,4,4,3,2160
7a3ee60,3,4,3,-1,1440
7a53136,4,3,3,-1,1440
7a60bcb,3,3,-1,-1,1080
7a853ae,4,4,-1,-1,1080
7a9a1c1,4,4,4,4,2160
7aa8ca7,4,4,4,4,2160
7aab3c5,4,4,4,3,2160
7ab51d4,4,4,4,1,2160
7ac51ef,4,4,-1,-1,1080
7ad0ead,4,4,4,2,2160
7ad939a,3,0,-1,-1,1080
7ae0d53,4,4,4,2,2160
7aee8a8,4,4,4,4,2160
7b06572,4,4,-1,-1,1080
7b17a26,4,4,-1,-1,1080
7b27d31,4,4,-1,-1,1080
7b2e341,4,4,4,-1,1440
7b31972,4,4,4,4,2160
7b50f14,4,4,4,0,2160
7b58c43,3,3,-1,-1,1080
7b61050,4,4,-1,-1,1080
7b75417,4,4,-1,-1,1080
7bb088d,4,4,4,-1,1440
7bb7b20,3,4,3,-1,1440
7bc465d,4,4,4,4,2160
7bc7972,4,4,4,4,2160
7bca006,4,4,4,3,2160
7be3761,4,4,-1,-1,1080
7c0c60d,4,4,-1,-1,1080
7c12b31,3,3,-1,-1,1080
7c2d450,4,4,-1,-1,1080
7c3e042,4,4,-1,-1,1080
7c3ec8f,4,4,-1,-1,1080
7c4df39,4,4,0,-1,1440
7c5bd6f,4,4,4,4,2160
7cb895e,4,4,-1,-1,1080
7cd058c,4,4,4,-1,1440
7d06251,4,4,4,4,2160
7d0f013,1,0,-1,-1,1080
7d1bbb9,4,4,4,4,2160
7d34f47,2,3,-1,-1,1080
7d36d86,4,4,4,4,2160
7d40608,4,4,4,-1,1440
7d80b6f,4,4,-1,-1,1080
7d8cc95,4,4,-1,-1,1080
7da6e25,4,4,4,4,2160
7dbeee3,4,4,4,-1,1440
7dd0486,4,4,4,4,2160
7de93a0,4,3,1,-1,1440
7df252a,4,4,-1,-1,1080
7df67e2,4,4,4,4,2160
7dfedca,3,0,0,-1,1440
7e247e7,4,3,-1,-1,1080
7e3bde1,4,4,4,4,2160
7e53b3e,4,4,4,4,2160
7e7ff3c,3,3,3,-1,1440
7e9520e,4,4,4,4,2160
7ebb011,4,4,-1,-1,1080
7ebd3c1,4,4,-1,-1,1080
7ecfbc3,3,3,-1,-1,1080
7ee6abb,4,4,4,-1,1440
7f057e8,4,4,-1,-1,1080
7f0903f,4,3,3,4,2160
7f0cfdb,4,4,4,4,2160
7f0da11,4,4,4,4,2160
7f3fb55,4,4,4,4,2160
7f497ea,4,4,4,-1,1440
7f6c206,4,4,3,-1,1440
7f7e9c6,4,3,-1,-1,1080
7fbe74c,4,4,-1,-1,1080
7fd8a79,4,4,-1,-1,1080
7fda152,1,4,0,-1,1440
7fe3d28,4,4,-1,-1,1080
7ff4d56,3,3,3,-1,1440
7ff5d0b,4,3,-1,-1,1080
7ff62d0,3,3,3,3,2160
8001c51,4,4,-1,-1,1080
80220bb,4,4,4,4,2160
803e719,4,4,4,4,2160
804a22c,4,4,4,-1,1440
804a2f2,4,4,4,4,2160
8051ee8,4,4,4,4,2160
80522d5,4,1,-1,-1,1080
80567c5,4,4,4,1,2160
805c172,4,4,4,-1,1440
80611c2,4,4,3,4,2160
8065f1e,4,4,4,4,2160
8066b5e,4,4,4,3,2160
80679a1,4,4,-1,-1,1080
8079cbc,3,3,-1,-1,1080
807f313,4,4,-1,-1,1080
807f97a,4,4,4,4,2160
808a8ca,3,3,-1,-1,1080
808d143,4,4,4,4,2160
8093d13,4,4,4,-1,1440
80956dd,4,4,4,4,2160
809582d,4,3,2,1,2160
8097b37,4,4,-1,-1,1080
809f062,4,4,4,4,2160
80af52e,4,4,4,4,2160
80cbb8b,4,4,4,4,2160
80d8e1c,4,4,4,4,2160
80d94e7,4,4,0,0,2160
80e1ecd,4,4,4,1,2160
80e6de1,3,3,3,-1,1440
8128696,4,4,4,4,2160
812d59b,3,3,3,-1,1440
814c6a7,4,4,4,-1,1440
816fcc6,3,0,-1,-1,1080
81701c6,4,4,-1,-1,1080
81800d4,4,3,-1,-1,1080
818a9b0,4,4,-1,-1,1080
81c70c0,3,3,3,-1,1440
81c81bd,1,-1,-1,-1,720
81fc56c,3,4,4,4,2160
8214d90,4,4,4,4,2160
8222dfd,4,4,4,3,2160
8223481,3,3,4,-1,1440
823a6f4,3,4,3,-1,1440
8259897,4,2,-1,-1,1080
825d6d9,4,4,-1,-1,1080
8274426,4,4,4,4,2160
827e0f0,4,4,3,4,2160
8292af5,3,3,3,-1,1440
8296242,4,4,-1,-1,1080
829a4fb,4,4,0,0,2160
829cf98,4,4,4,0,2160
82b45ec,4,4,4,4,2160
82ce762,4,4,-1,-1,1080
82d76b9,4,4,4,4,2160
82d8dc2,4,4,4,0,2160
82e0233,4,4,3,1,2160
82ebee9,4,4,4,4,2160
82ee65d,4,4,-1,-1,1080
8312949,4,4,4,4,2160
8312a72,4,4,-1,-1,1080
831c32f,4,4,-1,-1,1080
8339783,4,4,4,4,2160
834b456,3,3,-1,-1,1080
835ab2e,3,3,-1,-1,1080
835fae8,4,4,-1,-1,1080
8368b04,4,4,4,4,2160
836b259,4,4,-1,-1,1080
8383baf,4,4,4,1,2160
83864a6,4,4,-1,-1,1080
838d368,4,4,4,-1,1440
838ec1c,4,4,-1,-1,1080
8398b5c,3,3,3,-1,1440
83a200f,4,3,3,4,2160
83a5507,3,4,3,-1,1440
83acba1,1,4,-1,-1,1080
83c4535,4,4,4,-1,1440
83c5c1e,2,0,-1,-1,1080
83c81a4,3,1,0,-1,1440
83d2394,2,2,-1,-1,1080
83d97b7,4,3,3,3,2160
83e3d97,4,4,4,-1,1440
83ef5fe,4,4,0,-1,1440
83f75fd,3,4,3,1,2160
83fd931,4,4,-1,-1,1080
84406d6,4,4,-1,-1,1080
84604d7,4,4,-1,-1,1080
846f21e,4,4,-1,-1,1080
848b5b1,4,4,4,4,2160
84972f1,4,3,1,0,2160
84a0e81,4,4,4,4,2160
84b5a83,4,4,-1,-1,1080
84d1373,4,4,4,4,2160
84e0c50,4,3,3,1,2160
84f2162,4,4,3,4,2160
8523404,4,4,-1,-1,1080
8531b98,4,4,-1,-1,1080
8560b47,4,4,4,4,2160
8565210,4,3,-1,-1,1080
8565975,4,2,-1,-1,1080
856b27b,4,4,4,0,2160
857504a,4,4,-1,-1,1080
857b515,4,4,-1,-1,1080
857d24b,4,-1,-1,-1,720
857ef2a,3,3,3,-1,1440
8586cc4,4,4,-1,-1,1080
85918d6,4,4,4,2,2160
85a0731,3,3,3,-1,1440
85b97ed,3,3,3,-1,1440
85d65df,4,4,-1,-1,1080
85f056d,4,4,4,4,2160
861ceb4,3,4,3,-1,1440
861d26a,4,3,3,-1,1440
8631b57,4,4,4,-1,1440
86322f9,4,4,-1,-1,1080
863f664,3,3,3,-1,1440
86474ad,3,3,-1,-1,1080
8680d95,3,3,3,-1,1440
86b6ba2,4,4,-1,-1,1080
86d3883,0,2,-1,-1,1080
86d7201,4,4,-1,-1,1080
86da8d5,4,4,4,4,2160
86e3f06,0,4,3,-1,1440
86f7280,3,3,3,-1,1440
86fcc72,4,4,4,4,2160
8710f6d,4,4,4,-1,1440
873ef39,4,4,4,4,2160
8766897,4,4,-1,-1,1080
876cdc1,4,4,3,4,2160
87796bf,4,4,-1,-1,1080
877f9e6,4,4,4,4,2160
8787c39,4,4,4,3,2160
87b4aca,4,4,4,4,2160
87c7c86,4,4,-1,-1,1080
87d28e2,4,4,-1,-1,1080
87dd48f,4,3,-1,-1,1080
87e3ab0,4,4,0,-1,1440
87e7a44,4,4,-1,-1,1080
87f0748,4,4,4,4,2160
881169a,4,4,4,4,2160
8815e1a,4,3,4,3,2160
88223a0,4,3,-1,-1,1080
887f357,4,4,4,4,2160
889093f,3,0,-1,-1,1080
88a20fc,4,4,4,-1,1440
88a4a89,4,4,4,4,2160
88ac029,4,4,4,4,2160
88cc282,4,4,-1,-1,1080
88cf215,4,4,4,-1,1440
88d6d1b,4,4,4,4,2160
88ede79,4,4,4,0,2160
8908297,2,0,-1,-1,1080
890a0cc,3,0,-1,-1,1080
890bc41,4,4,-1,-1,1080
891b407,3,2,-1,-1,1080
8935e61,4,2,-1,-1,1080
89520b4,3,3,-1,-1,1080
895d0d6,4,4,-1,-1,1080
89751ba,4,4,4,4,2160
8975d39,4,4,4,4,2160
89922ac,4,4,-1,-1,1080
89a4001,4,4,-1,-1,1080
89ab0df,0,2,-1,-1,1080
89cdee0,4,4,-1,-1,1080
89d842d,4,3,-1,-1,1080
89ed1ff,4,4,4,-1,1440
89f12d4,4,4,4,4,2160
8a081d4,4,4,3,0,2160
8a24fa0,3,3,-1,-1,1080
8a3ae18,4,4,4,3,2160
8a5e209,3,2,-1,-1,1080
8a5f282,3,3,-1,-1,1080
8a6178b,4,2,0,-1,1440
8a8ecc8,4,3,2,-1,1440
8a9984e,4,4,4,4,2160
8a9b0f9,3,4,-1,-1,1080
8aa91f5,4,4,-1,-1,1080
8acd919,4,4,-1,-1,1080
8af01e1,2,3,-1,-1,1080
8b0064d,4,4,-1,-1,1080
8b1155e,3,3,3,-1,1440
8b1e778,3,3,-1,-1,1080
8b283b7,4,4,-1,-1,1080
8b3e011,4,4,-1,-1,1080
8b3e99d,3,3,4,-1,1440
8b68eb2,4,4,-1,-1,1080
8b6c118,4,4,-1,-1,1080
8b8a3df,4,4,4,-1,1440
8b95a1e,4,4,4,4,2160
8b97ff0,4,4,-1,-1,1080
8baf2c2,4,4,4,4,2160
8bb7cc8,4,4,4,4,2160
8be3607,4,4,4,4,2160
8bf588b,4,4,-1,-1,1080
8bf599e,4,4,4,4,2160
8bfab9b,3,2,-1,-1,1080
8c26fce,4,4,4,3,2160
8c3931d,4,4,-1,-1,1080
8c6a711,4,4,-1,-1,1080
8c898dd,4,4,3,4,2160
8c8fe8f,4,4,4,4,2160
8cb22b7,4,4,4,0,2160
8cd3000,4,4,0,-1,1440
8ce25e4,4,4,4,4,2160
8ce555d,4,3,-1,-1,1080
8cef08d,4,4,-1,-1,1080
8d2a3b3,4,3,1,-1,1440
8d8b4a5,4,4,4,3,2160
8d8e36f,4,4,-1,-1,1080
8d92239,4,4,-1,-1,1080
8d956ac,3,3,3,-1,1440
8d9ca42,4,4,-1,-1,1080
8dae8fb,4,4,4,0,2160
8dafe09,4,4,-1,-1,1080
8dc2833,4,4,0,0,2160
8dd3671,4,4,3,0,2160
8df5b31,4,4,4,3,2160
8dfe20e,4,4,4,4,2160
8e012f5,4,4,4,2,2160
8e06b2d,2,0,-1,-1,1080
8e13aca,3,3,-1,-1,1080
8e1736b,4,4,4,-1,1440
8e2c20e,4,4,4,4,2160
8e5a94d,3,2,1,-1,1440
8e6661a,4,4,4,3,2160
8e9b43a,4,3,4,0,2160
8ea0950,4,4,4,4,2160
8ea725a,4,4,4,-1,1440
8ec6afe,4,3,3,2,2160
8edffa9,1,0,-1,-1,1080
8ee0125,4,4,0,0,2160
8ee981b,4,4,-1,-1,1080
8eeefe1,4,4,4,-1,1440
8f01885,4,4,4,4,2160
8f0f34a,4,4,4,4,2160
8f11c4d,4,4,4,4,2160
8f493ce,3,3,-1,-1,1080
8f561b0,4,4,4,-1,1440
8f63d71,4,4,4,4,2160
8f6cadf,4,4,1,-1,1440
8f7511e,2,2,-1,-1,1080
8fa37aa,4,4,-1,-1,1080
8fa8395,4,4,4,4,2160
8fc52f7,4,4,4,4,2160
8fc60e8,4,4,-1,-1,1080
8fca180,4,4,-1,-1,1080
8fd9235,1,0,-1,-1,1080
8fdb008,4,4,-1,-1,1080
9016db4,4,4,3,-1,1440
9025d02,4,4,4,4,2160
903e3d8,4,4,4,4,2160
904874e,4,4,0,-1,1440
905026b,4,4,4,4,2160
905e83e,3,3,3,-1,1440
9061f5d,3,3,3,-1,1440
9067c91,4,4,-1,-1,1080
90771d8,3,3,-1,-1,1080
907a0fe,4,4,4,4,2160
90846fd,4,4,4,4,2160
90a9a47,4,4,-1,-1,1080
90b071a,4,4,-1,-1,1080
90c3071,3,1,-1,-1,1080
90d803b,4,4,4,4,2160
90d8195,4,4,4,4,2160
90df3b3,4,4,-1,-1,1080
90e5102,4,4,4,4,2160
9104b3f,3,4,3,3,2160
9115129,4,2,0,-1,1440
9138c99,4,4,-1,-1,1080
9153630,4,4,4,4,2160
915aba4,4,4,4,4,2160
915b144,4,4,-1,-1,1080
916fbd0,3,4,-1,-1,1080
917f567,4,4,4,4,2160
918b62f,3,1,0,-1,1440
91bd507,4,4,4,-1,1440
91d2161,3,4,3,-1,1440
91f04a7,4,4,4,2,2160
91f48fc,4,3,0,-1,1440
921089b,3,2,-1,-1,1080
9211769,4,4,4,4,2160
9225ff8,4,4,4,4,2160
924ad94,4,4,-1,-1,1080
9251aa5,4,4,-1,-1,1080
925df3d,4,4,-1,-1,1080
926552d,3,3,3,-1,1440
9267966,4,3,0,0,2160
927009b,2,3,-1,-1,1080
9272512,4,4,-1,-1,1080
9273029,4,4,-1,-1,1080
9280976,4,3,3,3,2160
92827d2,3,3,3,-1,1440
929aeb0,3,3,3,-1,1440
92cedee,3,3,-1,-1,1080
92df343,4,4,4,4,2160
92e113c,4,4,4,2,2160
92ec700,4,4,-1,-1,1080
92f9db5,4,4,4,4,2160
9312bd3,4,4,-1,-1,1080
931c7af,4,1,0,-1,1440
933a60a,4,4,-1,-1,1080
933e212,4,3,0,-1,1440
93526b4,3,3,-1,-1,1080
936ca08,4,4,4,0,2160
9381191,4,4,4,4,2160
9388ad1,4,4,4,-1,1440
9392063,4,4,4,4,2160
939486a,4,4,-1,-1,1080
93a556f,4,3,3,1,2160
93aca27,4,4,4,4,2160
93bddeb,4,4,4,4,2160
93c0446,4,4,0,0,2160
93c176e,4,4,-1,-1,1080
93d8a3e,3,3,3,1,2160
93dc02a,4,4,4,3,2160
93e354e,4,4,3,4,2160
93f872a,4,3,3,3,2160
940db44,1,4,-1,-1,1080
9410695,3,4,3,4,2160
9419338,4,4,4,1,2160
941b3b7,4,4,4,4,2160
943815b,4,4,4,-1,1440
943ca47,4,3,3,2,2160
9444c55,4,4,4,-1,1440
9457f62,3,3,3,-1,1440
945d1d3,3,3,-1,-1,1080
945e4e2,4,4,-1,-1,1080
94794b7,4,4,4,2,2160
947dae0,4,4,4,-1,1440
949e5df,4,4,4,3,2160
94b02b4,4,4,-1,-1,1080
950c970,4,4,0,-1,1440
950d418,4,4,4,4,2160
9534313,4,4,-1,-1,1080
9553387,4,4,4,4,2160
95541e4,4,4,0,-1,1440
9562d08,4,4,4,4,2160
95688db,4,4,4,0,2160
957e27e,4,4,4,-1,1440
958c47a,4,4,4,4,2160
958ed88,4,4,4,4,2160
95966e0,4,4,4,4,2160
959acd9,4,4,4,4,2160
95afe75,4,3,-1,-1,1080
95c102d,4,4,4,4,2160
95ebd98,3,4,-1,-1,1080
95ed365,4,4,-1,-1,1080
95eff6b,4,4,-1,-1,1080
9608859,4,4,4,2,2160
96143a3,4,4,4,1,2160
962f5e6,4,4,-1,-1,1080
96470ca,4,4,4,4,2160
96650ba,4,4,4,4,2160
967a0c9,3,0,-1,-1,1080
967e231,2,2,-1,-1,1080
9691432,4,4,-1,-1,1080
96ab774,2,1,-1,-1,1080
96d3dfe,4,4,4,4,2160
96da0de,4,4,-1,-1,1080
96eac62,4,4,4,1,2160
96f0afa,4,4,-1,-1,1080
970e7e3,2,4,-1,-1,1080
970ff79,4,4,4,4,2160
97144c9,2,0,-1,-1,1080
9714fde,4,0,-1,-1,1080
973391d,4,4,4,4,2160
975c654,3,0,0,-1,1440
9762b5d,4,3,0,-1,1440
976a22f,4,4,0,-1,1440
9780350,4,4,4,4,2160
9782f77,3,3,-1,-1,1080
97ab7b5,4,4,4,-1,1440
97b5efc,4,4,4,4,2160
97b97de,4,4,-1,-1,1080
97bb791,2,0,-1,-1,1080
97bfeef,4,4,-1,-1,1080
9806666,-1,-1,0,-1,1440
9832437,3,4,4,-1,1440
986c9fd,4,4,4,4,2160
986f489,4,3,3,4,2160
987d656,4,1,0,-1,1440
98885ad,3,4,3,-1,1440
989a606,4,3,0,-1,1440
98ab43b,3,3,-1,-1,1080
98e0a59,4,4,4,4,2160
98f5042,3,3,3,-1,1440
9907119,4,4,4,2,2160
992702c,4,4,-1,-1,1080
9933f8b,4,4,4,4,2160
9935246,4,3,4,3,2160
994690a,4,4,4,3,2160
998d815,4,3,3,-1,1440
99a19ef,3,1,0,-1,1440
99a68af,4,4,-1,-1,1080
99a84f0,4,4,4,4,2160
99cbf6c,3,3,-1,-1,1080
99cc9a8,4,3,3,1,2160
99e9d41,4,4,-1,-1,1080
9a1ccf9,3,3,4,2,2160
9a2ee44,4,4,-1,-1,1080
9a324d3,4,4,4,-1,1440
9a33dad,4,3,2,-1,1440
9a46062,3,4,4,3,2160
9a5a1af,4,4,4,4,2160
9a6a511,2,0,-1,-1,1080
9a7880b,4,4,4,-1,1440
9a831a0,2,4,-1,-1,1080
9ab0d3a,4,4,4,4,2160
9ac33c7,4,4,-1,-1,1080
9adc500,4,4,4,0,2160
9ade722,4,4,-1,-1,1080
9ae5485,4,4,-1,-1,1080
9b14385,4,4,-1,-1,1080
9b35f86,4,2,-1,-1,1080
9b3fe19,3,4,3,-1,1440
9b5c0f7,3,3,3,-1,1440
9b68ca1,4,4,4,-1,1440
9b723aa,4,4,4,-1,1440
9b7cfb3,4,4,4,4,2160
9bb08c7,4,4,-1,-1,1080
9bf9682,4,4,-1,-1,1080
9c03e33,4,4,4,2,2160
9c0d547,4,3,3,-1,1440
9c17a1b,4,3,-1,-1,1080
9c28f39,3,3,3,3,2160
9c40b26,4,3,-1,-1,1080
9c69eab,4,3,4,0,2160
9cb01cf,3,3,3,-1,1440
9cd78b5,3,4,-1,-1,1080
9cd8353,4,4,-1,-1,1080
9cd90d4,3,3,3,4,2160
9ce6d5e,4,4,4,2,2160
9cee016,4,4,3,3,2160
9cf679c,3,3,3,3,2160
9cf9b2c,3,3,3,-1,1440
9d0c846,4,4,4,4,2160
9d151e4,4,4,4,4,2160
9d1ca67,4,4,-1,-1,1080
9d264db,4,4,-1,-1,1080
9d293f1,3,3,3,-1,1440
9d46b7b,4,4,4,4,2160
9d66d2f,4,4,-1,-1,1080
9d82f67,4,4,-1,-1,1080
9d864df,4,4,4,4,2160
9d8bc9a,4,4,4,4,2160
9d9dc3a,4,3,-1,-1,1080
9db2629,4,4,-1,-1,1080
9db33f7,4,4,4,2,2160
9dc30a6,3,3,3,-1,1440
9dcf525,4,4,-1,-1,1080
9ddddce,3,0,-1,-1,1080
9dfd0fe,4,4,4,0,2160
9e47923,4,4,4,0,2160
9e54d17,4,4,-1,-1,1080
9e702e0,3,3,3,-1,1440
9e737ca,4,4,3,0,2160
9e73e07,4,4,4,-1,1440
9e81daf,3,3,-1,-1,1080
9e87f4c,4,4,4,-1,1440
9e914b0,2,0,-1,-1,1080
9eb2afa,4,4,4,4,2160
9ebc0f6,4,4,4,4,2160
9ebcbd2,4,4,-1,-1,1080
9ec7d92,4,4,-1,-1,1080
9ef15ce,4,4,0,-1,1440
9ef928a,4,4,-1,-1,1080
9efad78,4,4,-1,-1,1080
9f0d314,4,4,4,4,2160
9f208fe,4,4,4,4,2160
9f359be,4,4,-1,-1,1080
9f3a48b,4,4,3,1,2160
9f4af16,4,4,-1,-1,1080
9f4c3d1,4,4,-1,-1,1080
9f544f1,4,4,3,0,2160
9f57066,2,0,-1,-1,1080
9f74826,4,4,4,1,2160
9f91968,4,4,-1,-1,1080
9f957e5,4,4,-1,-1,1080
9fae09f,4,4,-1,-1,1080
9ff9d7e,4,4,4,0,2160
a008686,4,4,4,4,2160
a0126e9,4,4,4,-1,1440
a0172d9,4,4,-1,-1,1080
a01ec7c,4,4,0,-1,1440
a0351d2,3,3,-1,-1,1080
a04215d,3,3,3,-1,1440
a0476b0,4,4,4,2,2160
a054db4,4,4,4,4,2160
a06ff15,4,4,4,0,2160
a0723da,3,3,-1,-1,1080
a0897a9,4,4,4,4,2160
a094cac,4,4,4,4,2160
a096fc4,4,4,4,0,2160
a0a150f,4,4,-1,-1,1080
a0c5b39,4,4,-1,-1,1080
a0dd682,4,4,-1,-1,1080
a0deb3c,4,4,-1,-1,1080
a0e2578,4,4,-1,-1,1080
a0f3035,3,0,-1,-1,1080
a0faaf8,4,4,-1,-1,1080
a0fad82,4,3,-1,-1,1080
a1072b4,4,4,4,4,2160
a122b95,4,4,4,4,2160
a148b03,3,4,3,-1,1440
a16d431,4,3,3,-1,1440
a17b9d0,3,4,4,3,2160
a1919d3,4,1,4,4,2160
a19c9e7,4,4,4,2,2160
a19ef30,4,4,3,4,2160
a1bea87,4,4,4,1,2160
a1c8aa4,3,3,-1,-1,1080
a1d3459,4,4,4,0,2160
a227506,0,4,2,4,2160
a23ae39,4,4,-1,-1,1080
a24d4b7,4,4,-1,-1,1080
a255419,4,4,-1,-1,1080
a26091f,4,4,4,4,2160
a27bdfe,4,4,-1,-1,1080
a28f005,4,4,-1,-1,1080
a2970eb,4,4,-1,-1,1080
a29fe1e,4,4,3,0,2160
a2b1e4c,4,4,4,4,2160
a2de111,4,4,4,1,2160
a2e242e,1,4,-1,-1,1080
a2ea73f,4,4,4,1,2160
a2eef44,4,3,-1,-1,1080
a2ff7ff,4,4,4,-1,1440
a3165f8,4,4,4,4,2160
a320fcc,4,4,-1,-1,1080
a3327b7,4,4,4,4,2160
a366ef7,4,4,-1,-1,1080
a36769f,4,3,-1,-1,1080
a36aa3a,2,0,-1,-1,1080
a3767b1,4,4,4,2,2160
a392b35,4,4,-1,-1,1080
a39abce,4,4,4,1,2160
a3a9fa9,4,4,-1,-1,1080
a3c5995,4,4,-1,-1,1080
a3cd153,4,4,-1,-1,1080
a3e00e8,3,3,3,-1,1440
a3e594c,4,4,-1,-1,1080
a3ecdcb,4,3,-1,-1,1080
a410d52,4,4,4,2,2160
a428a71,4,1,-1,-1,1080
a4342b8,4,4,-1,-1,1080
a443289,4,4,4,4,2160
a456241,4,4,4,-1,1440
a46f891,4,4,4,1,2160
a4867d7,4,4,4,4,2160
a4bde1d,3,3,-1,-1,1080
a4efe16,4,4,-1,-1,1080
a4f4e14,4,4,4,1,2160
a4f69b3,0,4,-1,-1,1080
a50b8b6,4,4,-1,-1,1080
a51d3d8,4,4,4,4,2160
a5763b0,4,4,-1,-1,1080
a58065b,4,4,4,4,2160
a5817e9,4,4,-1,-1,1080
a594827,4,3,3,-1,1440
a596de9,4,4,4,4,2160
a5dbffd,4,4,-1,-1,1080
a602fcc,4,4,4,0,2160
a62a9e4,4,4,4,4,2160
a656186,4,4,-1,-1,1080
a65a4c6,3,4,-1,-1,1080
a695f20,4,3,-1,-1,1080
a696c65,4,4,4,2,2160
a6b6afe,4,3,4,4,2160
a6d2878,4,4,4,4,2160
a6d9217,3,2,-1,-1,1080
a6dd493,4,4,4,4,2160
a6e87bc,3,0,0,-1,1440
a70549b,4,4,-1,-1,1080
a70a6cb,4,2,1,0,2160
a729249,4,4,-1,-1,1080
a73441d,4,4,4,4,2160
a73f5f5,3,3,3,-1,1440
a740728,4,4,4,4,2160
a7570f6,4,4,4,1,2160
a761fc3,4,4,-1,-1,1080
a788756,4,4,-1,-1,1080
a789441,4,4,-1,-1,1080
a7948a9,1,4,-1,-1,1080
a7ba31e,4,4,4,4,2160
a7bdad8,4,4,4,2,2160
a7c6799,4,3,-1,-1,1080
a7fb8c3,4,4,-1,-1,1080
a80172e,4,4,-1,-1,1080
a8069f1,4,4,-1,-1,1080
a809251,4,4,4,-1,1440
a8167e4,2,3,4,-1,1440
a8228a0,4,4,4,-1,1440
a841616,4,3,4,3,2160
a855742,4,4,-1,-1,1080
a86a2a1,4,4,4,4,2160
a86c2fd,4,4,-1,-1,1080
a8803dd,3,3,-1,-1,1080
a888e98,4,3,3,-1,1440
a8b3d61,1,4,-1,-1,1080
a8b8c66,4,4,-1,-1,1080
a8bc9b4,3,3,4,3,2160
a8becbe,4,4,-1,-1,1080
a8d5473,4,4,4,4,2160
a8e8b27,4,4,0,0,2160
a8f3f6e,4,3,-1,-1,1080
a8ff1e1,4,4,4,4,2160
a910365,4,4,4,-1,1440
a92dc7c,3,3,-1,-1,1080
a950cf3,0,3,0,-1,1440
a9535ba,4,4,4,-1,1440
a9a8072,4,4,4,4,2160
a9b830c,3,2,-1,-1,1080
a9bb006,4,4,-1,-1,1080
a9cc372,4,4,-1,-1,1080
a9d3391,4,4,-1,-1,1080
a9d6041,2,0,-1,-1,1080
a9ebe3d,4,4,-1,-1,1080
a9ed8f3,4,4,-1,-1,1080
a9f3bc2,4,4,4,3,2160
aa04a7c,4,3,3,-1,1440
aa1001e,4,1,-1,-1,1080
aa151b1,3,3,3,-1,1440
aa1db76,4,3,3,2,2160
aa1e119,4,4,-1,-1,1080
aa29d60,3,3,-1,-1,1080
aa45953,4,4,-1,-1,1080
aa4e307,4,4,4,4,2160
aa52062,4,4,-1,-1,1080
aa6e0f7,4,4,-1,-1,1080
aa7ce80,4,4,-1,-1,1080
aa7de20,4,4,-1,-1,1080
aaa06ae,4,2,-1,-1,1080
aaaf99a,4,1,3,-1,1440
aab2208,3,1,0,-1,1440
aac7bbe,4,4,4,4,2160
aad9213,4,4,-1,-1,1080
aaf5961,4,4,-1,-1,1080
aafda46,4,4,4,4,2160
ab20a1b,4,4,4,2,2160
ab2621e,4,4,-1,-1,1080
ab2644e,4,4,4,3,2160
ab2d97b,4,4,-1,-1,1080
ab4249a,4,3,-1,-1,1080
ab6befb,4,4,-1,-1,1080
ab6f70a,3,3,-1,-1,1080
ab703cc,4,4,4,4,2160
ab71a85,1,4,4,0,2160
ab8d22e,4,4,-1,-1,1080
ababb32,4,3,4,-1,1440
abb73df,4,4,-1,-1,1080
abb8a24,4,3,-1,-1,1080
abd6780,4,4,-1,-1,1080
abdd1c4,4,4,4,0,2160
abea4be,4,4,4,4,2160
abf099b,4,4,4,4,2160
abf269a,4,4,-1,-1,1080
ac05e62,3,3,3,-1,1440
ac104fc,4,4,-1,-1,1080
ac6ac61,4,4,-1,-1,1080
ac9006d,3,4,0,-1,1440
acb066b,4,4,-1,-1,1080
accd650,3,3,-1,-1,1080
acd9b4b,4,4,4,4,2160
ace2f26,3,3,3,-1,1440
acf853f,4,4,4,4,2160
acfb18a,4,4,4,4,2160
ad29529,4,4,-1,-1,1080
ad3bc99,4,4,4,1,2160
ad4a656,4,4,4,-1,1440
ad61147,4,4,4,1,2160
ad7a053,4,4,-1,-1,1080
ada8720,3,3,-1,-1,1080
adb2a45,4,4,4,4,2160
adb5cd2,4,4,4,-1,1440
adb9485,4,4,4,4,2160
add24d7,4,4,-1,-1,1080
ade40bd,3,3,-1,-1,1080
ae6a56c,4,4,-1,-1,1080
ae7b596,4,4,4,4,2160
aed86fd,4,4,-1,-1,1080
aedc27c,4,4,-1,-1,1080
aede269,4,4,-1,-1,1080
aee6109,4,4,-1,-1,1080
aeef206,4,4,4,4,2160
aeefac1,3,3,3,3,2160
af564e9,4,4,4,4,2160
af777f0,3,4,2,-1,1440
af8f766,4,4,4,4,2160
afd8703,1,2,3,-1,1440
aff04b7,4,4,-1,-1,1080
aff0ffb,4,4,4,4,2160
aff7ab3,4,4,-1,-1,1080
b00f37c,4,4,-1,-1,1080
b02116d,4,4,-1,-1,1080
b03e6c6,3,4,3,1,2160
b04a56c,4,2,1,-1,1440
b04c96e,4,4,-1,-1,1080
b04f0ab,4,4,4,4,2160
b073a3a,3,3,3,3,2160
b07e704,4,4,4,4,2160
b086580,4,4,-1,-1,1080
b0c8ab3,0,4,-1,-1,1080
b0d8690,4,4,-1,-1,1080
b0f1a31,4,4,4,0,2160
b0fc9cc,4,4,-1,-1,1080
b15d2e9,4,4,4,4,2160
b1651aa,4,4,-1,-1,1080
b167fe1,4,4,4,4,2160
b16ff0c,3,4,3,-1,1440
b17a397,4,4,-1,-1,1080
b190298,4,0,-1,-1,1080
b1962d0,4,4,4,4,2160
b1a2aed,3,4,3,3,2160
b1ac61c,4,4,-1,-1,1080
b1b2237,3,4,3,-1,1440
b1b35f8,3,3,-1,-1,1080
b1ccc70,3,4,-1,-1,1080
b2273d1,4,4,4,-1,1440
b236cc9,4,4,4,4,2160
b273de3,3,3,-1,-1,1080
b2aa964,4,4,4,4,2160
b2bbd31,0,4,4,4,2160
b2df01e,4,4,4,1,2160
b2e0717,4,4,4,4,2160
b2e11c9,4,4,4,4,2160
b2e8b31,4,4,4,4,2160
b3031fe,3,4,4,-1,1440
b3269dd,4,4,-1,-1,1080
b32dd21,4,4,4,-1,1440
b340c01,3,2,-1,-1,1080
b34fbcf,4,4,-1,-1,1080
b3b5c65,4,4,4,4,2160
b3e4f58,4,4,-1,-1,1080
b3f8adb,4,4,-1,-1,1080
b40bb8d,4,4,4,-1,1440
b40c1e4,4,4,-1,-1,1080
b410f70,4,4,-1,-1,1080
b41b9be,4,2,1,-1,1440
b4606f3,3,3,-1,-1,1080
b46a689,4,4,4,3,2160
b46f0fb,4,4,4,-1,1440
b474395,4,4,4,4,2160
b47f4d3,4,4,4,1,2160
b4a5b7b,4,4,4,1,2160
b4a613d,3,1,0,-1,1440
b4e38fd,3,4,3,3,2160
b4e617b,4,0,-1,-1,1080
b519de2,4,3,0,-1,1440
b52aec1,4,4,4,4,2160
b549260,2,3,-1,-1,1080
b55036c,4,4,-1,-1,1080
b56fe5f,4,4,-1,-1,1080
b573748,4,4,4,2,2160
b575143,4,1,-1,-1,1080
b588713,4,4,4,1,2160
b5993dd,4,4,-1,-1,1080
b5abd68,4,4,4,2,2160
b5b2a7b,4,4,3,0,2160
b5ca8ed,3,3,-1,-1,1080
b5d2f85,4,4,4,4,2160
b605c0b,4,4,-1,-1,1080
b62f6f4,4,4,-1,-1,1080
b63768b,2,3,-1,-1,1080
b6454c3,4,4,-1,-1,1080
b652623,4,4,4,2,2160
b66ebd9,4,4,4,3,2160
b67d956,4,4,-1,-1,1080
b685a5c,4,4,-1,-1,1080
b68f7b7,4,4,-1,-1,1080
b69102a,4,4,4,4,2160
b69882b,3,4,3,0,2160
b6a426c,3,0,-1,-1,1080
b6c0900,4,1,-1,-1,1080
b6c09c9,4,4,-1,-1,1080
b6fec38,4,4,-1,-1,1080
b70c2f6,4,4,4,-1,1440
b716abf,4,4,4,2,2160
b72141f,4,4,-1,-1,1080
b72cac8,4,4,4,-1,1440
b765938,1,1,1,1,2160
b76e079,4,4,-1,-1,1080
b78397d,4,4,-1,-1,1080
b786639,4,4,-1,-1,1080
b78ee05,3,2,-1,-1,1080
b798025,3,3,-1,-1,1080
b7bce6a,4,3,3,4,2160
b7c74b5,4,4,4,-1,1440
b7f0239,4,4,4,4,2160
b7f1a70,4,3,-1,-1,1080
b811e86,4,4,-1,-1,1080
b8148d5,4,4,-1,-1,1080
b8160d2,1,4,-1,-1,1080
b817da1,4,4,4,4,2160
b8200d6,2,3,-1,-1,1080
b82d030,4,4,4,-1,1440
b83240f,4,4,-1,-1,1080
b8349bb,4,4,-1,-1,1080
b84e219,4,4,4,4,2160
b899973,3,3,-1,-1,1080
b89fadf,4,4,4,4,2160
b8aaa09,4,4,4,4,2160
b8be539,4,4,-1,-1,1080
b8cca6c,4,4,-1,-1,1080
b8e90c2,4,4,-1,-1,1080
b8eef66,4,4,4,-1,1440
b906f96,4,4,4,4,2160
b90a5c1,4,4,4,0,2160
b91c51d,3,3,4,3,2160
b9266a5,3,0,-1,-1,1080
b928759,4,4,-1,-1,1080
b946b2f,4,4,-1,-1,1080
b976a32,4,4,3,-1,1440
b987fe5,4,4,-1,-1,1080
b9b7a1e,0,3,-1,-1,1080
b9cbb77,4,4,4,4,2160
b9cf0b8,4,-1,-1,-1,720
b9d0221,4,4,-1,-1,1080
b9d625c,4,4,4,4,2160
b9e2da3,3,4,-1,-1,1080
b9ef55c,4,4,-1,-1,1080
b9f380f,4,3,3,3,2160
ba15be5,2,4,3,-1,1440
ba1faf8,4,2,-1,-1,1080
ba37408,4,2,1,-1,1440
ba4501d,4,4,4,4,2160
ba53816,4,4,4,4,2160
ba8f8f7,2,0,-1,-1,1080
ba96674,3,3,-1,-1,1080
bab9b69,4,4,4,3,2160
bac2edc,4,4,4,4,2160
bacecbd,4,4,3,0,2160
bb04956,3,4,-1,-1,1080
bb0af25,4,4,0,-1,1440
bb2274b,3,3,3,-1,1440
bb3f1a5,4,4,-1,-1,1080
bb43f4a,4,4,4,1,2160
bb4590d,4,4,-1,-1,1080
bb668ec,3,3,-1,-1,1080
bb7635a,2,0,-1,-1,1080
bb7ed20,4,4,4,-1,1440
bb8019d,4,3,-1,-1,1080
bba652e,3,3,-1,-1,1080
bbe5293,4,4,-1,-1,1080
bbf92f1,4,4,4,4,2160
bbfd09e,1,0,-1,-1,1080
bc0330f,4,4,4,-1,1440
bc06a87,4,4,4,4,2160
bc2fefc,4,4,4,-1,1440
bc4647a,4,4,-1,-1,1080
bc4dd13,4,4,-1,-1,1080
bc4e629,4,4,4,4,2160
bc7d647,4,4,4,4,2160
bcaa83c,4,4,-1,-1,1080
bcd79a2,3,1,0,0,2160
bcecd46,4,4,4,4,2160
bcf9433,4,3,0,0,2160
bd01b5f,4,4,-1,-1,1080
bd0cd11,3,2,-1,-1,1080
bd19665,4,4,-1,-1,1080
bd2346a,4,2,2,-1,1440
bd3a47e,4,4,-1,-1,1080
bd5a901,4,3,3,2,2160
bd65f99,2,0,-1,-1,1080
bd7a0db,4,4,4,4,2160
bd7a8e0,4,4,4,-1,1440
bd7b87a,4,4,4,4,2160
bd7f764,3,2,-1,-1,1080
bd87279,4,3,-1,-1,1080
bd9e630,4,4,4,4,2160
bdaa9d4,4,4,-1,-1,1080
bdac0c8,3,3,-1,-1,1080
bdb5e5b,3,3,3,-1,1440
bdcedc6,4,4,4,-1,1440
bdda8f2,3,3,-1,-1,1080
be244be,4,4,4,2,2160
be2a774,4,4,4,-1,1440
be53d14,3,3,-1,-1,1080
be5a664,4,3,3,-1,1440
be6d759,4,4,4,2,2160
be77317,1,0,-1,-1,1080
be939c5,3,3,-1,-1,1080
be99a8a,3,3,-1,-1,1080
be9c2b9,4,4,4,4,2160
bea828e,4,4,-1,-1,1080
bebc622,4,4,-1,-1,1080
beee667,4,4,-1,-1,1080
bef7ca6,4,4,4,1,2160
bf1c8af,4,4,4,4,2160
bf29eca,2,0,-1,-1,1080
bf84e46,4,4,-1,-1,1080
bf99a82,4,4,4,2,2160
bfbb28c,2,4,3,-1,1440
bfd6bf5,4,4,-1,-1,1080
bfddabd,4,4,4,3,2160
bfe145f,4,4,4,4,2160
bfe1678,3,2,-1,-1,1080
bff5b12,4,4,4,3,2160
bffdb01,4,3,2,-1,1440
c001e07,3,3,-1,-1,1080
c011d46,4,4,4,-1,1440
c020a20,3,3,3,3,2160
c022ab7,3,4,3,3,2160
c038b0a,4,4,4,-1,1440
c03a469,4,4,4,4,2160
c048c81,4,4,4,4,2160
c04ae3a,4,4,4,4,2160
c067a4a,4,4,4,4,2160
c087f28,4,4,-1,-1,1080
c09639c,4,4,4,4,2160
c099b90,4,4,3,4,2160
c0d3da4,4,4,3,2,2160
c0ed421,4,4,4,4,2160
c0f56b2,4,4,-1,-1,1080
c0fb694,4,4,-1,-1,1080
c101087,-1,4,-1,-1,1080
c108f92,4,4,4,4,2160
c10ad26,4,4,-1,-1,1080
c140ba9,4,4,0,0,2160
c15e3f4,4,4,-1,-1,1080
c160458,4,4,-1,-1,1080
c16294c,3,3,-1,-1,1080
c177f30,4,4,-1,-1,1080
c187cff,4,3,-1,-1,1080
c1960e7,4,2,1,-1,1440
c19def8,4,4,4,-1,1440
c1a7747,4,4,4,4,2160
c2011cc,4,4,4,4,2160
c212e1c,4,4,-1,-1,1080
c218692,3,3,3,-1,1440
c21a008,4,4,4,1,2160
c22bf94,0,4,-1,-1,1080
c23fa6d,4,4,4,4,2160
c2573f7,3,0,-1,-1,1080
c277cfb,3,3,3,1,2160
c280106,4,4,4,3,2160
c282c17,4,4,-1,-1,1080
c29d5b2,4,4,-1,-1,1080
c2b47eb,4,4,4,4,2160
c2c0462,3,4,3,4,2160
c2e7b7b,4,3,-1,-1,1080
c2eb637,4,3,-1,-1,1080
c2f88c3,4,0,-1,-1,1080
c2fc89c,4,4,4,4,2160
c302c9c,4,4,0,0,2160
c3066ee,4,4,-1,-1,1080
c30cbd8,3,4,-1,-1,1080
c314a04,4,4,4,4,2160
c319b83,4,4,-1,-1,1080
c31bd54,3,3,3,-1,1440
c31dec9,4,4,4,0,2160
c32865c,4,4,2,-1,1440
c34a40f,4,4,4,0,2160
c3711b8,4,2,-1,-1,1080
c392115,4,4,-1,-1,1080
c3a3702,4,4,-1,-1,1080
c3b1c47,4,4,4,4,2160
c3d0947,4,3,-1,-1,1080
c3ed7cb,3,3,-1,-1,1080
c413417,4,4,4,-1,1440
c4249b2,4,4,-1,-1,1080
c427acf,4,4,3,-1,1440
c42b3f0,4,4,-1,-1,1080
c45b775,4,4,0,0,2160
c46bf4c,4,4,-1,-1,1080
c47eba8,3,3,-1,-1,1080
c495921,4,3,3,3,2160
c49b64c,4,4,-1,-1,1080
c4a8005,4,4,3,2,2160
c4cde8b,4,4,4,4,2160
c4dbdf2,4,4,-1,-1,1080
c51f8a8,4,4,4,-1,1440
c5394ea,4,4,4,2,2160
c5398ea,3,4,3,2,2160
c541691,4,4,-1,-1,1080
c564958,0,4,-1,-1,1080
c5757c7,3,4,1,-1,1440
c57db57,4,4,4,4,2160
c5a960b,3,4,-1,-1,1080
c5b0307,4,4,4,1,2160
c5df6b0,4,4,-1,-1,1080
c5e19ee,4,4,-1,-1,1080
c5f0df5,3,3,3,3,2160
c66db49,4,4,-1,-1,1080
c67033c,4,4,0,0,2160
c692b9f,4,3,-1,-1,1080
c6a27c3,4,4,4,1,2160
c6a8f06,4,4,-1,-1,1080
c6ce82c,4,4,-1,-1,1080
c6d05a3,4,3,3,3,2160
c6f3083,4,4,4,4,2160
c6fa89d,4,4,4,2,2160
c70134d,4,4,4,-1,1440
c70dadd,4,4,4,4,2160
c71f5be,4,3,3,3,2160
c72769e,4,4,4,4,2160
c75330e,4,4,-1,-1,1080
c76899d,4,3,-1,-1,1080
c76ce52,4,4,-1,-1,1080
c77093c,4,4,-1,-1,1080
c7b5ea1,4,4,4,4,2160
c7bf70f,4,4,4,4,2160
c7c44d4,0,4,-1,-1,1080
c7df4a3,4,4,-1,-1,1080
c7e9c30,4,4,-1,-1,1080
c7ea37c,4,4,4,4,2160
c819832,4,4,-1,-1,1080
c81db1f,4,4,-1,-1,1080
c828e7f,4,4,4,-1,1440
c858227,4,4,4,4,2160
c869d99,4,4,3,3,2160
c886b6a,3,2,-1,-1,1080
c8971be,4,4,-1,-1,1080
c8a6a5c,4,2,-1,-1,1080
c8c435f,4,4,4,4,2160
c8c602b,4,4,4,4,2160
c8d331b,3,3,3,-1,1440
c8e0bbe,4,3,-1,-1,1080
c8f398b,4,4,4,4,2160
c8fd627,4,4,-1,-1,1080
c91883b,3,4,3,-1,1440
c938623,3,3,3,-1,1440
c948077,4,4,3,4,2160
c95111a,4,3,0,0,2160
c95c423,4,4,4,-1,1440
c96145f,3,3,3,-1,1440
c961bba,4,4,-1,-1,1080
c9a5d3c,4,4,-1,-1,1080
c9bc9f0,4,4,-1,-1,1080
c9c3115,4,4,4,2,2160
c9c3fe5,4,4,4,-1,1440
c9d4e4e,4,4,4,0,2160
c9edbe5,3,3,4,-1,1440
c9ee118,4,4,0,-1,1440
ca10900,3,3,3,-1,1440
ca14462,4,4,-1,-1,1080
ca1c856,4,4,-1,-1,1080
ca2c02b,4,3,4,-1,1440
ca2f17a,4,4,4,4,2160
ca6b225,4,4,4,0,2160
caa02c0,3,3,-1,-1,1080
caa1eb4,4,4,-1,-1,1080
caae2e0,4,4,4,4,2160
cab7f79,4,4,4,4,2160
cab7fa2,4,3,-1,-1,1080
cacb966,4,1,0,-1,1440
cacd062,3,3,-1,-1,1080
cae4842,4,3,3,-1,1440
cae962c,4,4,4,-1,1440
caea54a,4,4,4,3,2160
caed026,4,4,4,4,2160
caff246,4,4,4,4,2160
cb00ce0,4,4,-1,-1,1080
cb01647,1,4,-1,-1,1080
cb1327b,4,4,4,3,2160
cb1d4d5,4,4,4,-1,1440
cb3b9b6,4,4,-1,-1,1080
cb4f406,4,4,-1,-1,1080
cb6361c,4,4,4,4,2160
cb67bcc,3,3,-1,-1,1080
cb78ecf,4,4,4,4,2160
cb9d8c9,4,4,-1,-1,1080
cbacc25,4,4,-1,-1,1080
cbc69d5,4,4,-1,-1,1080
cbce837,4,4,4,4,2160
cc193e8,3,3,3,-1,1440
cc2532f,4,4,-1,-1,1080
cc26d9e,4,4,4,-1,1440
cc2f725,4,4,4,4,2160
cc50ab1,4,4,-1,-1,1080
cc91e7f,4,4,4,4,2160
cc93eb9,2,0,-1,-1,1080
ccaeab1,3,3,-1,-1,1080
ccb3162,4,4,-1,-1,1080
cccc92c,4,4,3,4,2160
ccd2dfe,3,4,2,-1,1440
cce8c70,3,1,0,-1,1440
ccf7ae7,3,3,-1,-1,1080
cd280bb,4,4,4,-1,1440
cd28458,4,4,4,1,2160
cd583c7,4,4,4,1,2160
cd75d22,3,4,-1,-1,1080
cd8e558,4,4,-1,-1,1080
cdbdf18,4,4,-1,-1,1080
cdda1e9,4,4,4,3,2160
cdf2b86,4,4,4,-1,1440
ce0a191,4,4,-1,-1,1080
ce13e0a,4,4,-1,-1,1080
ce1fe72,4,4,4,3,2160
ce32a2a,3,3,-1,-1,1080
ce368d9,4,4,4,-1,1440
ce3b9d8,4,4,-1,-1,1080
ce49c51,4,4,0,0,2160
ce6d7bb,4,4,4,4,2160
ce6d92f,3,4,3,-1,1440
ce6e0ff,4,4,4,4,2160
ce8c571,4,4,4,4,2160
cea2379,4,4,-1,-1,1080
ced7070,4,2,-1,-1,1080
cedaf6f,3,4,-1,-1,1080
cef08c2,4,4,-1,-1,1080
cef08f2,3,3,-1,-1,1080
cefc091,4,4,4,-1,1440
cefdcdd,4,4,4,3,2160
cf0794c,4,2,0,-1,1440
cf39fc2,4,4,4,4,2160
cf3dafd,3,1,-1,-1,1080
cf462bd,4,4,-1,-1,1080
cf6489e,4,4,4,-1,1440
cf70da7,4,4,4,2,2160
cf8498d,4,4,-1,-1,1080
cfbe9b1,4,4,1,-1,1440
cfdfc16,4,4,4,3,2160
cfe3a5f,4,4,4,4,2160
d000401,4,4,4,4,2160
d012a6f,4,4,4,3,2160
d0162e4,3,0,-1,-1,1080
d020809,4,3,1,0,2160
d023ed6,3,3,-1,-1,1080
d02f8ee,4,4,4,3,2160
d047823,4,4,-1,-1,1080
d070d39,4,4,4,4,2160
d07aa94,4,4,4,0,2160
d08f116,3,3,-1,-1,1080
d0a4687,4,4,4,4,2160
d0c2ddb,4,4,4,4,2160
d0dd1df,1,4,-1,-1,1080
d0dd648,4,4,4,-1,1440
d0ed761,4,4,-1,-1,1080
d100783,4,4,4,4,2160
d11b097,4,2,-1,-1,1080
d1216ce,4,4,4,4,2160
d147c22,4,4,-1,-1,1080
d153dfa,4,4,4,4,2160
d174ede,4,4,-1,-1,1080
d189665,4,4,0,-1,1440
d18a765,4,1,3,-1,1440
d195a97,4,4,4,4,2160
d19d708,4,4,-1,-1,1080
d1a7733,4,3,0,-1,1440
d1c3fd3,3,3,-1,-1,1080
d1d9d7c,4,4,4,4,2160
d1dbb72,4,4,-1,-1,1080
d20332f,4,4,4,-1,1440
d217729,4,4,-1,-1,1080
d23b38f,4,4,4,3,2160
d252cac,4,4,-1,-1,1080
d2641fe,3,3,3,-1,1440
d26a4c5,4,4,4,4,2160
d271ef1,4,4,-1,-1,1080
d2972e6,3,3,3,4,2160
d29e3b3,4,4,4,4,2160
d2a4c67,4,4,4,-1,1440
d2a96cf,4,4,4,-1,1440
d2af69c,4,4,4,3,2160
d2bea7e,4,4,-1,-1,1080
d2ec0c0,4,3,-1,-1,1080
d2f0439,4,4,4,4,2160
d300866,4,4,-1,-1,1080
d32b3f7,4,3,-1,-1,1080
d36909c,4,4,-1,-1,1080
d378110,4,3,1,0,2160
d37d55a,4,3,4,3,2160
d3a81ab,4,4,4,4,2160
d3b1cd4,4,1,0,-1,1440
d3cd3e5,4,4,4,3,2160
d3d28de,4,4,4,4,2160
d3d2947,4,4,4,3,2160
d3de742,1,4,-1,-1,1080
d41494c,4,2,-1,-1,1080
d41661f,4,4,-1,-1,1080
d41e8f0,4,4,-1,-1,1080
d41f968,4,3,-1,-1,1080
d43d8fd,4,4,4,-1,1440
d483fb1,4,4,4,3,2160
d48a6a9,4,4,4,3,2160
d49212f,3,4,3,-1,1440
d49cf9b,4,4,4,4,2160
d4bfaa1,4,4,4,4,2160
d4d2e68,4,4,4,1,2160
d4dc768,4,4,4,4,2160
d4dd5c7,4,4,4,-1,1440
d4e67c6,4,3,4,3,2160
d51dfe9,4,4,-1,-1,1080
d52344d,4,4,-1,-1,1080
d5355f7,4,4,4,4,2160
d54a22e,4,4,-1,-1,1080
d550d67,4,4,0,0,2160
d557149,4,4,-1,-1,1080
d565546,4,4,-1,-1,1080
d570854,4,4,-1,-1,1080
d5b8237,1,3,-1,-1,1080
d5b9bbc,4,4,4,4,2160
d5d27e0,4,3,4,3,2160
d5ef216,4,4,4,2,2160
d614b96,4,2,0,-1,1440
d61a074,4,4,-1,-1,1080
d626259,4,3,3,-1,1440
d63f18f,3,1,-1,-1,1080
d65a7ff,4,4,4,1,2160
d65df3e,4,4,4,4,2160
d675fb1,4,4,4,4,2160
d6880fa,4,4,-1,-1,1080
d6929d3,4,0,0,0,2160
d6997b6,4,4,4,4,2160
d69b753,4,4,-1,-1,1080
d69ce94,4,4,-1,-1,1080
d6e05e9,3,4,-1,-1,1080
d6f7335,4,4,-1,-1,1080
d70bbd8,4,4,-1,-1,1080
d7100c2,2,0,-1,-1,1080
d72cbca,3,3,-1,-1,1080
d737965,4,4,-1,-1,1080
d7608a4,4,4,4,4,2160
d7829cf,4,4,-1,-1,1080
d78dc49,4,4,4,4,2160
d793168,4,3,1,0,2160
d7a8918,4,4,4,-1,1440
d7b1998,4,4,4,-1,1440
d7c4792,4,4,-1,-1,1080
d7c9381,4,4,4,1,2160
d7d06c9,4,4,-1,-1,1080
d7d1a60,3,3,4,-1,1440
d804fc0,4,4,4,4,2160
d809f03,4,4,-1,-1,1080
d811a5c,4,4,-1,-1,1080
d81d867,4,4,-1,-1,1080
d83d16a,4,4,4,4,2160
d85655e,4,4,4,4,2160
d85a129,4,3,2,-1,1440
d85c294,2,0,-1,-1,1080
d877aa5,4,4,4,4,2160
d8aac96,4,2,1,-1,1440
d8abe36,4,4,4,-1,1440
d8be0bf,4,4,-1,-1,1080
d8c8022,4,4,4,-1,1440
d8d7ec2,4,4,-1,-1,1080
d8e72b3,4,4,4,-1,1440
d8e9419,4,2,3,-1,1440
d8f07bf,3,3,4,2,2160
d8fdc8c,4,4,-1,-1,1080
d9044cc,3,0,0,-1,1440
d91aedf,4,4,-1,-1,1080
d926b30,4,1,-1,-1,1080
d943180,4,4,-1,-1,1080
d9516e1,3,4,0,-1,1440
d95e8c4,4,4,4,0,2160
d96dfad,4,4,4,4,2160
d98b8cd,4,4,-1,-1,1080
d98dc6d,4,4,-1,-1,1080
d9954be,4,4,4,-1,1440
d9bbcf8,4,4,-1,-1,1080
d9cde72,3,3,3,-1,1440
d9dd18c,4,4,4,4,2160
d9f0893,4,4,0,0,2160
d9f13de,4,4,3,4,2160
da084e0,4,4,-1,-1,1080
da14886,4,4,4,3,2160
da1be67,4,4,4,3,2160
da341fe,4,4,-1,-1,1080
da3b6b3,4,4,4,0,2160
da3f5a7,4,4,-1,-1,1080
da62ff7,0,3,-1,-1,1080
da69d0e,4,4,1,-1,1440
da8247b,4,4,-1,-1,1080
dab8945,4,4,-1,-1,1080
dab8d70,4,3,-1,-1,1080
dabc294,4,4,-1,-1,1080
dadcd52,4,4,-1,-1,1080
dae759f,4,4,-1,-1,1080
dae8e1a,3,2,-1,-1,1080
db0621f,3,3,1,-1,1440
db0ab89,3,3,4,-1,1440
db1f8b5,4,4,-1,-1,1080
db456df,4,4,4,-1,1440
db48ff9,4,4,-1,-1,1080
db9678a,4,4,-1,-1,1080
dbb4ad7,4,3,-1,-1,1080
dbd4bc8,4,4,4,4,2160
dbd59e3,4,4,-1,-1,1080
dbe86b1,4,4,3,0,2160
dbf3d8e,3,3,3,-1,1440
dbf6e27,2,4,-1,-1,1080
dbf85f8,4,4,4,1,2160
dbf93c3,4,4,3,-1,1440
dc10901,4,4,-1,-1,1080
dc42663,1,4,2,-1,1440
dc59b76,4,4,-1,-1,1080
dc90c45,4,4,4,0,2160
dc9757c,4,4,4,4,2160
dca67da,4,4,-1,-1,1080
dcdf6ba,4,4,4,4,2160
dce6a80,4,4,4,0,2160
dd0111e,4,4,-1,-1,1080
dd0e78f,3,4,3,-1,1440
dd27e72,4,4,4,-1,1440
dd28a88,4,4,4,4,2160
dd355f4,4,4,4,4,2160
dd68845,3,3,1,-1,1440
dd77f1e,4,4,4,4,2160
dd934ca,3,4,3,-1,1440
dd96dc5,4,4,4,-1,1440
dda99e8,4,4,-1,-1,1080
ddae8cb,4,4,4,-1,1440
ddb9a5a,4,4,0,-1,1440
ddc6a56,3,3,-1,-1,1080
dddc54f,4,4,-1,-1,1080
ddde05f,4,4,4,4,2160
ddeaab6,1,3,-1,-1,1080
de05ca7,4,4,4,-1,1440
de36af1,4,4,4,4,2160
de444dc,3,0,-1,-1,1080
de4593a,4,3,3,3,2160
de49214,4,4,3,1,2160
de52cff,0,0,-1,-1,1080
de600f6,4,4,4,3,2160
de7f85f,4,4,4,4,2160
de8bc2c,4,4,4,4,2160
dea4f88,3,4,3,3,2160
deb37dd,4,4,4,-1,1440
defc161,4,4,4,-1,1440
df00672,4,4,4,4,2160
df0bd7f,4,4,0,0,2160
df23436,4,4,-1,-1,1080
df381a2,4,4,-1,-1,1080
df44faf,4,4,4,4,2160
df493a4,4,4,-1,-1,1080
df55a41,3,3,-1,-1,1080
df562a3,3,3,-1,-1,1080
df7d7df,3,3,-1,-1,1080
df7db6e,4,4,3,4,2160
df92315,3,3,3,-1,1440
df92325,4,4,2,-1,1440
dfa6e50,4,4,-1,-1,1080
dfafaa1,4,4,4,4,2160
dfc1561,4,4,4,-1,1440
dfe629a,4,4,4,-1,1440
dfffb35,4,4,-1,-1,1080
e001bb4,4,3,3,-1,1440
e034d15,4,4,4,4,2160
e03e389,4,4,-1,-1,1080
e054e50,3,3,-1,-1,1080
e0a038b,4,3,-1,-1,1080
e0ac9b1,4,4,4,4,2160
e0c8386,2,0,-1,-1,1080
e0d84a3,2,0,-1,-1,1080
e0eaefc,4,4,-1,-1,1080
e106d8f,4,4,4,4,2160
e126663,4,4,4,4,2160
e133a66,4,2,0,-1,1440
e137b55,4,4,4,4,2160
e158608,0,4,-1,-1,1080
e15abc3,3,4,4,3,2160
e15bb53,4,4,-1,-1,1080
e15c587,4,4,-1,-1,1080
e160fd6,4,4,-1,-1,1080
e180f3c,4,3,-1,-1,1080
e1b0657,2,0,-1,-1,1080
e1d3549,4,4,4,-1,1440
e1fb21c,4,4,-1,-1,1080
e2044ab,4,4,4,4,2160
e2208bc,4,4,4,4,2160
e22332c,4,4,4,4,2160
e2318f1,4,4,4,-1,1440
e23b97f,4,4,-1,-1,1080
e23c586,4,1,-1,-1,1080
e25f6e5,4,4,4,4,2160
e2615b2,3,2,-1,-1,1080
e269329,4,4,4,4,2160
e27f3a5,4,4,4,3,2160
e292f98,4,4,-1,-1,1080
e2994f9,4,4,-1,-1,1080
e2bb637,4,4,4,4,2160
e2c0f21,4,-1,-1,-1,720
e2d56b9,4,3,-1,-1,1080
e2d65bc,4,4,4,4,2160
e30c4e5,4,1,4,1,2160
e30de72,4,4,-1,-1,1080
e32a66e,4,4,-1,-1,1080
e33dd6f,4,4,-1,-1,1080
e367184,4,4,-1,-1,1080
e378411,4,4,-1,-1,1080
e37ae79,4,4,4,4,2160
e384ce2,3,3,-1,-1,1080
e3a5c37,4,4,4,-1,1440
e3ad945,1,1,1,1,2160
e3d23b9,2,3,-1,-1,1080
e3d6ca4,4,4,4,-1,1440
e406d66,4,4,-1,-1,1080
e43a4f1,3,4,-1,-1,1080
e463cc8,4,4,1,-1,1440
e468192,4,4,4,3,2160
e4748b4,4,4,-1,-1,1080
e49c1b9,4,4,-1,-1,1080
e4a2814,3,1,0,-1,1440
e4ab046,4,4,3,-1,1440
e4cdc93,4,4,4,4,2160
e4d4e6f,4,3,3,3,2160
e4e1dfd,4,2,-1,-1,1080
e505b2a,2,3,-1,-1,1080
e511249,4,4,-1,-1,1080
e51eaf7,4,4,-1,-1,1080
e5255e0,0,0,1,0,2160
e528765,4,4,-1,-1,1080
e5305bc,4,4,-1,-1,1080
e555167,4,4,-1,-1,1080
e55f5a3,4,3,3,-1,1440
e574e83,4,3,-1,-1,1080
e5832ec,4,4,-1,-1,1080
e5b4f62,3,3,-1,-1,1080
e5de087,4,4,0,-1,1440
e5e7633,4,3,3,-1,1440
e5ea55b,4,4,4,4,2160
e5f946f,4,4,-1,-1,1080
e606e07,4,4,4,4,2160
e625a73,4,4,-1,-1,1080
e62a6cf,0,3,-1,-1,1080
e63d5d0,4,4,4,4,2160
e6485eb,4,4,4,4,2160
e65a5b6,4,2,-1,-1,1080
e66e89a,3,4,-1,-1,1080
e673c47,4,3,-1,-1,1080
e68753a,4,4,-1,-1,1080
e68d796,4,4,-1,-1,1080
e691217,4,4,4,0,2160
e6aa049,4,4,-1,-1,1080
e6bc86f,4,4,4,-1,1440
e6c4056,4,4,4,-1,1440
e6f8d7b,4,4,4,4,2160
e70f466,4,4,-1,-1,1080
e711535,4,4,-1,-1,1080
e71bdab,4,4,-1,-1,1080
e71f8ec,4,4,-1,-1,1080
e71fc48,4,4,4,4,2160
e72350e,3,4,0,0,2160
e731289,4,2,1,-1,1440
e76d73f,4,4,-1,-1,1080
e77e1b8,4,4,-1,-1,1080
e78fc3d,4,3,0,0,2160
e7919b4,4,4,4,-1,1440
e792de3,4,4,4,4,2160
e7aeeb4,4,4,-1,-1,1080
e7b24a5,4,4,4,4,2160
e7b6a88,4,4,3,1,2160
e7c9e65,4,4,0,0,2160
e7d3337,3,3,-1,-1,1080
e7d4826,4,4,-1,-1,1080
e7f20f4,4,4,4,-1,1440
e825217,4,4,4,2,2160
e852e92,4,4,4,4,2160
e868663,4,4,-1,-1,1080
e87f26f,3,3,4,-1,1440
e8880c2,4,4,4,4,2160
e88e18b,4,4,-1,-1,1080
e894ac3,4,3,1,-1,1440
e8a96f2,4,3,3,-1,1440
e8b7029,4,3,3,2,2160
e8d8330,4,4,4,3,2160
e8e9323,4,4,-1,-1,1080
e8f906e,4,4,4,4,2160
e8f9972,4,4,4,1,2160
e8f9b1f,4,4,4,4,2160
e929d91,4,4,-1,-1,1080
e93b3a3,4,4,4,4,2160
e954f62,4,4,3,1,2160
e96dde7,4,4,-1,-1,1080
e975a63,4,0,-1,-1,1080
e9906e7,4,4,4,4,2160
e99fb42,4,4,-1,-1,1080
e9c104a,4,4,4,1,2160
e9d7291,4,3,3,3,2160
e9efab7,4,4,-1,-1,1080
e9fd50b,4,4,4,-1,1440
ea02c4a,4,3,3,-1,1440
ea02f32,4,4,-1,-1,1080
ea04836,4,3,3,-1,1440
ea12b53,4,3,1,0,2160
ea1f80e,4,4,4,4,2160
ea29904,4,4,-1,-1,1080
ea78eac,4,4,-1,-1,1080
ea7972f,4,4,4,-1,1440
ea7c03a,4,4,4,4,2160
ea7f604,4,4,-1,-1,1080
ea8d3c6,4,4,4,4,2160
ea9f1ae,3,3,-1,-1,1080
eaa9efe,4,4,-1,-1,1080
eafdcb3,4,4,-1,-1,1080
eb02948,4,4,-1,-1,1080
eb17f8f,4,4,4,-1,1440
eb19539,4,4,-1,-1,1080
eb37da8,4,4,4,4,2160
eb5d87d,3,3,3,3,2160
eb71652,4,4,-1,-1,1080
eb88df1,4,4,4,4,2160
eb8ecd6,3,4,0,-1,1440
eba01ae,4,4,4,4,2160
eba5cb6,4,4,0,-1,1440
ebb2dc4,2,3,-1,-1,1080
ebb52fc,4,4,4,4,2160
ebd488d,3,1,1,-1,1440
ebe7e71,3,3,3,-1,1440
ebf134b,4,4,-1,-1,1080
ec0f8bc,4,3,-1,-1,1080
ec30a99,4,4,-1,-1,1080
ec51067,4,4,4,0,2160
ec56b5c,3,0,-1,-1,1080
ec7b6ca,4,4,-1,-1,1080
ec91252,4,4,4,2,2160
ec9c832,3,4,-1,-1,1080
eca604f,3,4,-1,-1,1080
ecc3984,4,4,1,-1,1440
ecd2f00,4,4,-1,-1,1080
ecd4e08,4,4,-1,-1,1080
ecd725d,4,3,-1,-1,1080
ecf793d,4,3,3,3,2160
ed03c54,4,4,-1,-1,1080
ed145ad,4,4,4,4,2160
ed1e165,2,4,4,-1,1440
ed456ca,4,4,4,4,2160
ed4fe08,4,4,4,-1,1440
ed5d727,4,4,-1,-1,1080
ed5f6a4,4,4,4,4,2160
ed67be7,4,4,4,4,2160
ed6c526,4,4,4,4,2160
ed714e4,4,4,-1,-1,1080
ed730ce,4,3,-1,-1,1080
ed825ac,4,4,-1,-1,1080
ed8dcdb,4,4,3,-1,1440
ed8e1f9,4,4,4,-1,1440
ed8fff6,4,4,-1,-1,1080
edaf3e1,4,4,4,4,2160
edb447f,3,4,2,-1,1440
edb4d38,3,3,-1,-1,1080
edba09c,2,1,-1,-1,1080
edbe500,3,3,-1,-1,1080
edc6fb3,4,4,4,4,2160
edeb0d6,3,3,3,-1,1440
ededd21,4,4,-1,-1,1080
ee05e32,4,4,-1,-1,1080
ee246da,4,4,4,-1,1440
ee272c6,4,4,-1,-1,1080
ee29182,4,3,2,-1,1440
ee2ecbd,4,3,-1,-1,1080
ee4bc1e,4,4,-1,-1,1080
ee58f4b,4,4,-1,-1,1080
ee5e09a,4,4,4,0,2160
ee7082c,4,4,-1,-1,1080
ee716df,4,4,4,0,2160
ee75805,4,4,4,3,2160
ee81ba6,3,1,-1,-1,1080
ee879fb,4,4,4,3,2160
eeb2e5f,4,4,4,4,2160
eec73b9,4,2,0,-1,1440
eef55ac,4,4,-1,-1,1080
eefe20c,4,4,-1,-1,1080
ef096ca,4,2,-1,-1,1080
ef84c93,4,4,-1,-1,1080
ef8be7c,3,1,0,-1,1440
ef8c13e,4,4,4,4,2160
efa5e3a,4,4,4,4,2160
efb91ed,4,4,3,0,2160
efc2a9b,4,4,-1,-1,1080
f01422e,4,4,4,4,2160
f03f0ae,4,4,-1,-1,1080
f04a655,4,4,-1,-1,1080
f04b289,4,4,-1,-1,1080
f06c90a,4,4,4,4,2160
f0a7337,4,4,4,2,2160
f0eb546,4,4,-1,-1,1080
f0f0c23,3,3,3,-1,1440
f0f1a40,4,4,4,3,2160
f11df4b,4,4,-1,-1,1080
f122f65,4,4,-1,-1,1080
f1440f9,4,4,-1,-1,1080
f146e30,4,4,4,4,2160
f171ab9,3,2,-1,-1,1080
f182299,4,3,4,-1,1440
f184c65,4,4,3,4,2160
f18ac1a,4,4,4,0,2160
f194633,4,4,4,4,2160
f19db36,1,4,-1,-1,1080
f1a381d,4,3,-1,-1,1080
f1b56a7,4,3,-1,-1,1080
f1ca746,4,4,-1,-1,1080
f1cb91a,4,4,4,4,2160
f215ff4,4,4,4,3,2160
f21a8d2,4,4,4,2,2160
f220da5,4,4,-1,-1,1080
f238903,4,4,4,3,2160
f23ceb1,4,4,-1,-1,1080
f2c4bce,4,4,4,-1,1440
f2e0f1b,4,4,4,4,2160
f2f59b8,4,4,-1,-1,1080
f30e911,4,4,-1,-1,1080
f3111ef,4,4,-1,-1,1080
f31271d,3,3,-1,-1,1080
f3184d2,3,3,-1,-1,1080
f3274ee,4,4,4,4,2160
f3298ba,4,4,4,4,2160
f342a3c,4,3,-1,-1,1080
f344d38,4,4,4,4,2160
f34acea,4,4,4,4,2160
f351b51,3,3,3,-1,1440
f39985c,4,3,-1,-1,1080
f3d5377,4,3,-1,-1,1080
f3d7252,4,4,4,4,2160
f3d9781,4,4,4,4,2160
f3eeeee,4,4,-1,-1,1080
f40fe5b,4,4,4,4,2160
f42c8c8,4,2,-1,-1,1080
f430844,4,3,-1,-1,1080
f4342b9,4,4,4,4,2160
f439906,4,4,4,4,2160
f4612bf,4,4,-1,-1,1080
f4a7386,4,4,-1,-1,1080
f4f8dc8,4,3,1,0,2160
f4fb96c,4,4,4,3,2160
f4fe616,4,4,4,-1,1440
f503618,3,3,3,3,2160
f5220fd,4,4,4,-1,1440
f524689,4,4,-1,-1,1080
f54da6c,4,4,-1,-1,1080
f5501ff,4,4,4,4,2160
f5568e1,4,4,-1,-1,1080
f576084,4,1,3,-1,1440
f5a7ec4,3,3,3,-1,1440
f5ba35b,4,3,-1,-1,1080
f5c7c36,1,1,0,-1,1440
f5dcfb9,4,4,-1,-1,1080
f603700,3,4,1,-1,1440
f62a149,3,3,3,-1,1440
f62bad3,3,3,3,-1,1440
f63d1a2,4,4,-1,-1,1080
f6ad8cb,4,4,4,4,2160
f6b01a9,4,4,4,4,2160
f6e6e48,4,4,4,-1,1440
f6ebe8c,4,4,4,1,2160
f6f4069,4,4,4,2,2160
f6fad17,3,3,3,3,2160
f701c7a,4,4,4,-1,1440
f72349a,4,4,4,4,2160
f72be6d,4,0,-1,-1,1080
f73bec3,4,4,-1,-1,1080
f74e121,3,3,3,-1,1440
f75ac84,4,4,4,4,2160
f78b0b2,4,4,-1,-1,1080
f796ba5,4,4,4,-1,1440
f7a736a,4,4,-1,-1,1080
f7b81a0,2,0,-1,-1,1080
f7bba49,4,4,4,4,2160
f7ca97d,4,4,-1,-1,1080
f7e8478,4,4,-1,-1,1080
f7ef280,2,3,-1,-1,1080
f8044be,4,4,-1,-1,1080
f8188a8,1,0,-1,-1,1080
f82c118,4,4,-1,-1,1080
f85aabc,0,4,-1,-1,1080
f878586,2,3,-1,-1,1080
f8929d2,4,4,-1,-1,1080
f89b690,4,4,-1,-1,1080
f8bf52a,3,4,3,3,2160
f8d5622,4,2,0,-1,1440
f8f1ad2,4,4,4,0,2160
f923ca9,4,4,4,4,2160
f93be9b,4,4,-1,-1,1080
f943c62,4,4,4,-1,1440
f95ff0f,4,4,4,4,2160
f96cbe9,4,4,-1,-1,1080
f98604a,4,4,4,4,2160
f99b797,4,4,2,0,2160
f99b8f7,4,4,4,4,2160
f9a8014,4,4,4,4,2160
f9ba25c,4,4,4,1,2160
f9c5aca,4,4,4,-1,1440
f9d326a,4,4,4,-1,1440
f9e2135,3,3,-1,-1,1080
f9ebf93,4,4,-1,-1,1080
fa0386e,4,4,4,4,2160
fa0c125,4,4,4,4,2160
fa17607,4,4,-1,-1,1080
fab381b,4,4,-1,-1,1080
facdd45,3,3,-1,-1,1080
fadba1f,4,4,4,4,2160
faebe1a,4,4,3,4,2160
fb02c25,4,4,4,-1,1440
fb07810,3,3,4,-1,1440
fb283f8,4,4,4,4,2160
fb2b0a3,4,4,4,-1,1440
fb4dd47,4,4,4,4,2160
fbaee4c,4,4,4,-1,1440
fbafae1,3,0,-1,-1,1080
fbb119c,4,4,4,4,2160
fbbf54e,4,4,-1,-1,1080
fbc459f,4,4,-1,-1,1080
fbc5829,4,4,4,4,2160
fbe194e,4,4,4,-1,1440
fbea7c1,4,4,4,4,2160
fbeefe0,4,4,4,-1,1440
fbfffb2,4,4,4,4,2160
fc0b9b4,4,3,-1,-1,1080
fc0c070,4,3,-1,-1,1080
fc1b8f7,3,3,3,-1,1440
fc1c816,2,3,-1,-1,1080
fc3f706,4,4,4,4,2160
fc47251,4,4,4,-1,1440
fc6deda,4,4,-1,-1,1080
fc7bffe,4,4,-1,-1,1080
fc936e6,0,4,4,2,2160
fcb8fc3,4,4,4,4,2160
fcbeb81,4,4,4,4,2160
fcd6d8b,4,4,4,-1,1440
fcf9b89,3,0,-1,-1,1080
fd56edd,4,4,-1,-1,1080
fd70e15,4,4,4,-1,1440
fd82325,4,4,4,-1,1440
fda6885,4,4,4,-1,1440
fdb9560,4,4,-1,-1,1080
fdc7d8a,3,3,-1,-1,1080
fdcb713,4,4,-1,-1,1080
fde5393,3,3,-1,-1,1080
fde7e83,3,3,3,-1,1440
fe02fac,4,4,4,4,2160
fe07ba3,4,4,4,4,2160
fe07bd4,4,4,4,4,2160
fe328aa,4,4,-1,-1,1080
fe566be,4,4,4,4,2160
fe5e133,3,3,-1,-1,1080
fe7174d,4,3,3,3,2160
fe772f1,4,3,0,-1,1440
fe90d28,4,4,4,4,2160
fe9f661,4,4,4,0,2160
feaa5f1,4,4,4,4,2160
feb504d,4,4,4,4,2160
feb7e2c,4,4,-1,-1,1080
fec975b,4,4,4,4,2160
fed1fae,4,4,4,-1,1440
fef048a,4,4,4,4,2160
fef717d,3,3,3,-1,1440
ff060c3,4,2,1,-1,1440
ff13c78,1,3,-1,-1,1080
ff3c14b,4,4,4,-1,1440
ff49de2,4,4,4,-1,1440
ff50186,3,3,4,2,2160
ff6642a,3,3,-1,-1,1080
ff7604e,4,4,-1,-1,1080
ff76a0f,4,4,0,0,2160
ff7aa31,4,4,-1,-1,1080
ffb5038,4,4,4,4,2160
ffc461f,4,4,4,0,2160
